preimg,postimg,flood,building,road,roadspeed
/tmp/share/data/spacenet8/Louisiana-East_Training_Public/PRE-event/10400100684A4B00_1_5_98.tif,/tmp/share/data/spacenet8/Louisiana-East_Training_Public/POST-event/10300100C46F5900_1_5_98.tif,/tmp/share/data/spacenet8/Louisiana-East_Training_Public/annotations/masks/flood_10400100684A4B00_1_5_98.tif,/tmp/share/data/spacenet8/Louisiana-East_Training_Public/annotations/masks/building_10400100684A4B00_1_5_98.tif,/tmp/share/data/spacenet8/Louisiana-East_Training_Public/annotations/masks/road_10400100684A4B00_1_5_98.tif,/tmp/share/data/spacenet8/Louisiana-East_Training_Public/annotations/masks/roadspeed_10400100684A4B00_1_5_98.tif
/tmp/share/data/spacenet8/Germany_Training_Public/PRE-event/10500500C4DD7000_0_26_68.tif,/tmp/share/data/spacenet8/Germany_Training_Public/POST-event/1040050035DC3B00_0_26_68.tif,/tmp/share/data/spacenet8/Germany_Training_Public/annotations/masks/flood_10500500C4DD7000_0_26_68.tif,/tmp/share/data/spacenet8/Germany_Training_Public/annotations/masks/building_10500500C4DD7000_0_26_68.tif,/tmp/share/data/spacenet8/Germany_Training_Public/annotations/masks/road_10500500C4DD7000_0_26_68.tif,/tmp/share/data/spacenet8/Germany_Training_Public/annotations/masks/roadspeed_10500500C4DD7000_0_26_68.tif
/tmp/share/data/spacenet8/Germany_Training_Public/PRE-event/10500500C4DD7000_0_28_64.tif,/tmp/share/data/spacenet8/Germany_Training_Public/POST-event/1040050035DC3B00_0_28_64.tif,/tmp/share/data/spacenet8/Germany_Training_Public/annotations/masks/flood_10500500C4DD7000_0_28_64.tif,/tmp/share/data/spacenet8/Germany_Training_Public/annotations/masks/building_10500500C4DD7000_0_28_64.tif,/tmp/share/data/spacenet8/Germany_Training_Public/annotations/masks/road_10500500C4DD7000_0_28_64.tif,/tmp/share/data/spacenet8/Germany_Training_Public/annotations/masks/roadspeed_10500500C4DD7000_0_28_64.tif
/tmp/share/data/spacenet8/Louisiana-East_Training_Public/PRE-event/105001001A0FFC00_0_20_11.tif,/tmp/share/data/spacenet8/Louisiana-East_Training_Public/POST-event/10300100C46F5900_0_20_11.tif,/tmp/share/data/spacenet8/Louisiana-East_Training_Public/annotations/masks/flood_105001001A0FFC00_0_20_11.tif,/tmp/share/data/spacenet8/Louisiana-East_Training_Public/annotations/masks/building_105001001A0FFC00_0_20_11.tif,/tmp/share/data/spacenet8/Louisiana-East_Training_Public/annotations/masks/road_105001001A0FFC00_0_20_11.tif,/tmp/share/data/spacenet8/Louisiana-East_Training_Public/annotations/masks/roadspeed_105001001A0FFC00_0_20_11.tif
/tmp/share/data/spacenet8/Germany_Training_Public/PRE-event/10500500C4DD7000_0_28_59.tif,/tmp/share/data/spacenet8/Germany_Training_Public/POST-event/10500500E6DD3C00_0_28_59.tif,/tmp/share/data/spacenet8/Germany_Training_Public/annotations/masks/flood_10500500C4DD7000_0_28_59.tif,/tmp/share/data/spacenet8/Germany_Training_Public/annotations/masks/building_10500500C4DD7000_0_28_59.tif,/tmp/share/data/spacenet8/Germany_Training_Public/annotations/masks/road_10500500C4DD7000_0_28_59.tif,/tmp/share/data/spacenet8/Germany_Training_Public/annotations/masks/roadspeed_10500500C4DD7000_0_28_59.tif
/tmp/share/data/spacenet8/Germany_Training_Public/PRE-event/10500500C4DD7000_0_41_61.tif,/tmp/share/data/spacenet8/Germany_Training_Public/POST-event/10500500E6DD3C00_0_41_61.tif,/tmp/share/data/spacenet8/Germany_Training_Public/annotations/masks/flood_10500500C4DD7000_0_41_61.tif,/tmp/share/data/spacenet8/Germany_Training_Public/annotations/masks/building_10500500C4DD7000_0_41_61.tif,/tmp/share/data/spacenet8/Germany_Training_Public/annotations/masks/road_10500500C4DD7000_0_41_61.tif,/tmp/share/data/spacenet8/Germany_Training_Public/annotations/masks/roadspeed_10500500C4DD7000_0_41_61.tif
/tmp/share/data/spacenet8/Louisiana-East_Training_Public/PRE-event/10300100AF395C00_2_16_50.tif,/tmp/share/data/spacenet8/Louisiana-East_Training_Public/POST-event/10300100C46F5900_2_16_50.tif,/tmp/share/data/spacenet8/Louisiana-East_Training_Public/annotations/masks/flood_10300100AF395C00_2_16_50.tif,/tmp/share/data/spacenet8/Louisiana-East_Training_Public/annotations/masks/building_10300100AF395C00_2_16_50.tif,/tmp/share/data/spacenet8/Louisiana-East_Training_Public/annotations/masks/road_10300100AF395C00_2_16_50.tif,/tmp/share/data/spacenet8/Louisiana-East_Training_Public/annotations/masks/roadspeed_10300100AF395C00_2_16_50.tif
/tmp/share/data/spacenet8/Germany_Training_Public/PRE-event/10500500C4DD7000_0_45_63.tif,/tmp/share/data/spacenet8/Germany_Training_Public/POST-event/10500500E6DD3C00_0_45_63.tif,/tmp/share/data/spacenet8/Germany_Training_Public/annotations/masks/flood_10500500C4DD7000_0_45_63.tif,/tmp/share/data/spacenet8/Germany_Training_Public/annotations/masks/building_10500500C4DD7000_0_45_63.tif,/tmp/share/data/spacenet8/Germany_Training_Public/annotations/masks/road_10500500C4DD7000_0_45_63.tif,/tmp/share/data/spacenet8/Germany_Training_Public/annotations/masks/roadspeed_10500500C4DD7000_0_45_63.tif
/tmp/share/data/spacenet8/Louisiana-East_Training_Public/PRE-event/10400100684A4B00_1_24_75.tif,/tmp/share/data/spacenet8/Louisiana-East_Training_Public/POST-event/10300100C46F5900_1_24_75.tif,/tmp/share/data/spacenet8/Louisiana-East_Training_Public/annotations/masks/flood_10400100684A4B00_1_24_75.tif,/tmp/share/data/spacenet8/Louisiana-East_Training_Public/annotations/masks/building_10400100684A4B00_1_24_75.tif,/tmp/share/data/spacenet8/Louisiana-East_Training_Public/annotations/masks/road_10400100684A4B00_1_24_75.tif,/tmp/share/data/spacenet8/Louisiana-East_Training_Public/annotations/masks/roadspeed_10400100684A4B00_1_24_75.tif
/tmp/share/data/spacenet8/Louisiana-East_Training_Public/PRE-event/10400100684A4B00_1_22_74.tif,/tmp/share/data/spacenet8/Louisiana-East_Training_Public/POST-event/10300100C46F5900_1_22_74.tif,/tmp/share/data/spacenet8/Louisiana-East_Training_Public/annotations/masks/flood_10400100684A4B00_1_22_74.tif,/tmp/share/data/spacenet8/Louisiana-East_Training_Public/annotations/masks/building_10400100684A4B00_1_22_74.tif,/tmp/share/data/spacenet8/Louisiana-East_Training_Public/annotations/masks/road_10400100684A4B00_1_22_74.tif,/tmp/share/data/spacenet8/Louisiana-East_Training_Public/annotations/masks/roadspeed_10400100684A4B00_1_22_74.tif
/tmp/share/data/spacenet8/Louisiana-East_Training_Public/PRE-event/105001001A0FFC00_0_17_14.tif,/tmp/share/data/spacenet8/Louisiana-East_Training_Public/POST-event/10300100C46F5900_0_17_14.tif,/tmp/share/data/spacenet8/Louisiana-East_Training_Public/annotations/masks/flood_105001001A0FFC00_0_17_14.tif,/tmp/share/data/spacenet8/Louisiana-East_Training_Public/annotations/masks/building_105001001A0FFC00_0_17_14.tif,/tmp/share/data/spacenet8/Louisiana-East_Training_Public/annotations/masks/road_105001001A0FFC00_0_17_14.tif,/tmp/share/data/spacenet8/Louisiana-East_Training_Public/annotations/masks/roadspeed_105001001A0FFC00_0_17_14.tif
/tmp/share/data/spacenet8/Louisiana-East_Training_Public/PRE-event/10300100AF395C00_2_17_51.tif,/tmp/share/data/spacenet8/Louisiana-East_Training_Public/POST-event/10300100C46F5900_2_17_51.tif,/tmp/share/data/spacenet8/Louisiana-East_Training_Public/annotations/masks/flood_10300100AF395C00_2_17_51.tif,/tmp/share/data/spacenet8/Louisiana-East_Training_Public/annotations/masks/building_10300100AF395C00_2_17_51.tif,/tmp/share/data/spacenet8/Louisiana-East_Training_Public/annotations/masks/road_10300100AF395C00_2_17_51.tif,/tmp/share/data/spacenet8/Louisiana-East_Training_Public/annotations/masks/roadspeed_10300100AF395C00_2_17_51.tif
/tmp/share/data/spacenet8/Louisiana-East_Training_Public/PRE-event/10400100684A4B00_1_12_74.tif,/tmp/share/data/spacenet8/Louisiana-East_Training_Public/POST-event/10300100C46F5900_1_12_74.tif,/tmp/share/data/spacenet8/Louisiana-East_Training_Public/annotations/masks/flood_10400100684A4B00_1_12_74.tif,/tmp/share/data/spacenet8/Louisiana-East_Training_Public/annotations/masks/building_10400100684A4B00_1_12_74.tif,/tmp/share/data/spacenet8/Louisiana-East_Training_Public/annotations/masks/road_10400100684A4B00_1_12_74.tif,/tmp/share/data/spacenet8/Louisiana-East_Training_Public/annotations/masks/roadspeed_10400100684A4B00_1_12_74.tif
/tmp/share/data/spacenet8/Germany_Training_Public/PRE-event/10500500C4DD7000_0_36_61.tif,/tmp/share/data/spacenet8/Germany_Training_Public/POST-event/10500500E6DD3C00_0_36_61.tif,/tmp/share/data/spacenet8/Germany_Training_Public/annotations/masks/flood_10500500C4DD7000_0_36_61.tif,/tmp/share/data/spacenet8/Germany_Training_Public/annotations/masks/building_10500500C4DD7000_0_36_61.tif,/tmp/share/data/spacenet8/Germany_Training_Public/annotations/masks/road_10500500C4DD7000_0_36_61.tif,/tmp/share/data/spacenet8/Germany_Training_Public/annotations/masks/roadspeed_10500500C4DD7000_0_36_61.tif
/tmp/share/data/spacenet8/Louisiana-East_Training_Public/PRE-event/10400100684A4B00_1_8_94.tif,/tmp/share/data/spacenet8/Louisiana-East_Training_Public/POST-event/10300100C46F5900_1_8_94.tif,/tmp/share/data/spacenet8/Louisiana-East_Training_Public/annotations/masks/flood_10400100684A4B00_1_8_94.tif,/tmp/share/data/spacenet8/Louisiana-East_Training_Public/annotations/masks/building_10400100684A4B00_1_8_94.tif,/tmp/share/data/spacenet8/Louisiana-East_Training_Public/annotations/masks/road_10400100684A4B00_1_8_94.tif,/tmp/share/data/spacenet8/Louisiana-East_Training_Public/annotations/masks/roadspeed_10400100684A4B00_1_8_94.tif
/tmp/share/data/spacenet8/Louisiana-East_Training_Public/PRE-event/105001001A0FFC00_0_16_4.tif,/tmp/share/data/spacenet8/Louisiana-East_Training_Public/POST-event/10300100C46F5900_0_16_4.tif,/tmp/share/data/spacenet8/Louisiana-East_Training_Public/annotations/masks/flood_105001001A0FFC00_0_16_4.tif,/tmp/share/data/spacenet8/Louisiana-East_Training_Public/annotations/masks/building_105001001A0FFC00_0_16_4.tif,/tmp/share/data/spacenet8/Louisiana-East_Training_Public/annotations/masks/road_105001001A0FFC00_0_16_4.tif,/tmp/share/data/spacenet8/Louisiana-East_Training_Public/annotations/masks/roadspeed_105001001A0FFC00_0_16_4.tif
/tmp/share/data/spacenet8/Louisiana-East_Training_Public/PRE-event/10300100AF395C00_2_19_43.tif,/tmp/share/data/spacenet8/Louisiana-East_Training_Public/POST-event/10300100C46F5900_2_19_43.tif,/tmp/share/data/spacenet8/Louisiana-East_Training_Public/annotations/masks/flood_10300100AF395C00_2_19_43.tif,/tmp/share/data/spacenet8/Louisiana-East_Training_Public/annotations/masks/building_10300100AF395C00_2_19_43.tif,/tmp/share/data/spacenet8/Louisiana-East_Training_Public/annotations/masks/road_10300100AF395C00_2_19_43.tif,/tmp/share/data/spacenet8/Louisiana-East_Training_Public/annotations/masks/roadspeed_10300100AF395C00_2_19_43.tif
/tmp/share/data/spacenet8/Germany_Training_Public/PRE-event/10500500C4DD7000_0_41_60.tif,/tmp/share/data/spacenet8/Germany_Training_Public/POST-event/10500500E6DD3C00_0_41_60.tif,/tmp/share/data/spacenet8/Germany_Training_Public/annotations/masks/flood_10500500C4DD7000_0_41_60.tif,/tmp/share/data/spacenet8/Germany_Training_Public/annotations/masks/building_10500500C4DD7000_0_41_60.tif,/tmp/share/data/spacenet8/Germany_Training_Public/annotations/masks/road_10500500C4DD7000_0_41_60.tif,/tmp/share/data/spacenet8/Germany_Training_Public/annotations/masks/roadspeed_10500500C4DD7000_0_41_60.tif
/tmp/share/data/spacenet8/Germany_Training_Public/PRE-event/10500500C4DD7000_0_16_67.tif,/tmp/share/data/spacenet8/Germany_Training_Public/POST-event/1040050035DC3B00_0_16_67.tif,/tmp/share/data/spacenet8/Germany_Training_Public/annotations/masks/flood_10500500C4DD7000_0_16_67.tif,/tmp/share/data/spacenet8/Germany_Training_Public/annotations/masks/building_10500500C4DD7000_0_16_67.tif,/tmp/share/data/spacenet8/Germany_Training_Public/annotations/masks/road_10500500C4DD7000_0_16_67.tif,/tmp/share/data/spacenet8/Germany_Training_Public/annotations/masks/roadspeed_10500500C4DD7000_0_16_67.tif
/tmp/share/data/spacenet8/Louisiana-East_Training_Public/PRE-event/10300100AF395C00_2_19_63.tif,/tmp/share/data/spacenet8/Louisiana-East_Training_Public/POST-event/10300100C46F5900_2_19_63.tif,/tmp/share/data/spacenet8/Louisiana-East_Training_Public/annotations/masks/flood_10300100AF395C00_2_19_63.tif,/tmp/share/data/spacenet8/Louisiana-East_Training_Public/annotations/masks/building_10300100AF395C00_2_19_63.tif,/tmp/share/data/spacenet8/Louisiana-East_Training_Public/annotations/masks/road_10300100AF395C00_2_19_63.tif,/tmp/share/data/spacenet8/Louisiana-East_Training_Public/annotations/masks/roadspeed_10300100AF395C00_2_19_63.tif
/tmp/share/data/spacenet8/Louisiana-East_Training_Public/PRE-event/105001001A0FFC00_0_14_18.tif,/tmp/share/data/spacenet8/Louisiana-East_Training_Public/POST-event/10300100C46F5900_0_14_18.tif,/tmp/share/data/spacenet8/Louisiana-East_Training_Public/annotations/masks/flood_105001001A0FFC00_0_14_18.tif,/tmp/share/data/spacenet8/Louisiana-East_Training_Public/annotations/masks/building_105001001A0FFC00_0_14_18.tif,/tmp/share/data/spacenet8/Louisiana-East_Training_Public/annotations/masks/road_105001001A0FFC00_0_14_18.tif,/tmp/share/data/spacenet8/Louisiana-East_Training_Public/annotations/masks/roadspeed_105001001A0FFC00_0_14_18.tif
/tmp/share/data/spacenet8/Louisiana-East_Training_Public/PRE-event/105001001A0FFC00_0_12_13.tif,/tmp/share/data/spacenet8/Louisiana-East_Training_Public/POST-event/10300100C46F5900_0_12_13.tif,/tmp/share/data/spacenet8/Louisiana-East_Training_Public/annotations/masks/flood_105001001A0FFC00_0_12_13.tif,/tmp/share/data/spacenet8/Louisiana-East_Training_Public/annotations/masks/building_105001001A0FFC00_0_12_13.tif,/tmp/share/data/spacenet8/Louisiana-East_Training_Public/annotations/masks/road_105001001A0FFC00_0_12_13.tif,/tmp/share/data/spacenet8/Louisiana-East_Training_Public/annotations/masks/roadspeed_105001001A0FFC00_0_12_13.tif
/tmp/share/data/spacenet8/Louisiana-East_Training_Public/PRE-event/10300100AF395C00_2_18_62.tif,/tmp/share/data/spacenet8/Louisiana-East_Training_Public/POST-event/10300100C46F5900_2_18_62.tif,/tmp/share/data/spacenet8/Louisiana-East_Training_Public/annotations/masks/flood_10300100AF395C00_2_18_62.tif,/tmp/share/data/spacenet8/Louisiana-East_Training_Public/annotations/masks/building_10300100AF395C00_2_18_62.tif,/tmp/share/data/spacenet8/Louisiana-East_Training_Public/annotations/masks/road_10300100AF395C00_2_18_62.tif,/tmp/share/data/spacenet8/Louisiana-East_Training_Public/annotations/masks/roadspeed_10300100AF395C00_2_18_62.tif
/tmp/share/data/spacenet8/Louisiana-East_Training_Public/PRE-event/10300100AF395C00_2_23_45.tif,/tmp/share/data/spacenet8/Louisiana-East_Training_Public/POST-event/10300100C46F5900_2_23_45.tif,/tmp/share/data/spacenet8/Louisiana-East_Training_Public/annotations/masks/flood_10300100AF395C00_2_23_45.tif,/tmp/share/data/spacenet8/Louisiana-East_Training_Public/annotations/masks/building_10300100AF395C00_2_23_45.tif,/tmp/share/data/spacenet8/Louisiana-East_Training_Public/annotations/masks/road_10300100AF395C00_2_23_45.tif,/tmp/share/data/spacenet8/Louisiana-East_Training_Public/annotations/masks/roadspeed_10300100AF395C00_2_23_45.tif
/tmp/share/data/spacenet8/Louisiana-East_Training_Public/PRE-event/10300100AF395C00_2_18_41.tif,/tmp/share/data/spacenet8/Louisiana-East_Training_Public/POST-event/10300100C46F5900_2_18_41.tif,/tmp/share/data/spacenet8/Louisiana-East_Training_Public/annotations/masks/flood_10300100AF395C00_2_18_41.tif,/tmp/share/data/spacenet8/Louisiana-East_Training_Public/annotations/masks/building_10300100AF395C00_2_18_41.tif,/tmp/share/data/spacenet8/Louisiana-East_Training_Public/annotations/masks/road_10300100AF395C00_2_18_41.tif,/tmp/share/data/spacenet8/Louisiana-East_Training_Public/annotations/masks/roadspeed_10300100AF395C00_2_18_41.tif
/tmp/share/data/spacenet8/Germany_Training_Public/PRE-event/10500500C4DD7000_0_44_63.tif,/tmp/share/data/spacenet8/Germany_Training_Public/POST-event/10500500E6DD3C00_0_44_63.tif,/tmp/share/data/spacenet8/Germany_Training_Public/annotations/masks/flood_10500500C4DD7000_0_44_63.tif,/tmp/share/data/spacenet8/Germany_Training_Public/annotations/masks/building_10500500C4DD7000_0_44_63.tif,/tmp/share/data/spacenet8/Germany_Training_Public/annotations/masks/road_10500500C4DD7000_0_44_63.tif,/tmp/share/data/spacenet8/Germany_Training_Public/annotations/masks/roadspeed_10500500C4DD7000_0_44_63.tif
/tmp/share/data/spacenet8/Louisiana-East_Training_Public/PRE-event/10400100684A4B00_1_20_77.tif,/tmp/share/data/spacenet8/Louisiana-East_Training_Public/POST-event/10300100C46F5900_1_20_77.tif,/tmp/share/data/spacenet8/Louisiana-East_Training_Public/annotations/masks/flood_10400100684A4B00_1_20_77.tif,/tmp/share/data/spacenet8/Louisiana-East_Training_Public/annotations/masks/building_10400100684A4B00_1_20_77.tif,/tmp/share/data/spacenet8/Louisiana-East_Training_Public/annotations/masks/road_10400100684A4B00_1_20_77.tif,/tmp/share/data/spacenet8/Louisiana-East_Training_Public/annotations/masks/roadspeed_10400100684A4B00_1_20_77.tif
/tmp/share/data/spacenet8/Germany_Training_Public/PRE-event/10500500C4DD7000_0_15_66.tif,/tmp/share/data/spacenet8/Germany_Training_Public/POST-event/1040050035DC3B00_0_15_66.tif,/tmp/share/data/spacenet8/Germany_Training_Public/annotations/masks/flood_10500500C4DD7000_0_15_66.tif,/tmp/share/data/spacenet8/Germany_Training_Public/annotations/masks/building_10500500C4DD7000_0_15_66.tif,/tmp/share/data/spacenet8/Germany_Training_Public/annotations/masks/road_10500500C4DD7000_0_15_66.tif,/tmp/share/data/spacenet8/Germany_Training_Public/annotations/masks/roadspeed_10500500C4DD7000_0_15_66.tif
/tmp/share/data/spacenet8/Louisiana-East_Training_Public/PRE-event/10400100684A4B00_1_21_78.tif,/tmp/share/data/spacenet8/Louisiana-East_Training_Public/POST-event/10300100C46F5900_1_21_78.tif,/tmp/share/data/spacenet8/Louisiana-East_Training_Public/annotations/masks/flood_10400100684A4B00_1_21_78.tif,/tmp/share/data/spacenet8/Louisiana-East_Training_Public/annotations/masks/building_10400100684A4B00_1_21_78.tif,/tmp/share/data/spacenet8/Louisiana-East_Training_Public/annotations/masks/road_10400100684A4B00_1_21_78.tif,/tmp/share/data/spacenet8/Louisiana-East_Training_Public/annotations/masks/roadspeed_10400100684A4B00_1_21_78.tif
/tmp/share/data/spacenet8/Louisiana-East_Training_Public/PRE-event/10400100684A4B00_1_10_98.tif,/tmp/share/data/spacenet8/Louisiana-East_Training_Public/POST-event/10300100C46F5900_1_10_98.tif,/tmp/share/data/spacenet8/Louisiana-East_Training_Public/annotations/masks/flood_10400100684A4B00_1_10_98.tif,/tmp/share/data/spacenet8/Louisiana-East_Training_Public/annotations/masks/building_10400100684A4B00_1_10_98.tif,/tmp/share/data/spacenet8/Louisiana-East_Training_Public/annotations/masks/road_10400100684A4B00_1_10_98.tif,/tmp/share/data/spacenet8/Louisiana-East_Training_Public/annotations/masks/roadspeed_10400100684A4B00_1_10_98.tif
/tmp/share/data/spacenet8/Germany_Training_Public/PRE-event/10500500C4DD7000_0_31_63.tif,/tmp/share/data/spacenet8/Germany_Training_Public/POST-event/10500500E6DD3C00_0_31_63.tif,/tmp/share/data/spacenet8/Germany_Training_Public/annotations/masks/flood_10500500C4DD7000_0_31_63.tif,/tmp/share/data/spacenet8/Germany_Training_Public/annotations/masks/building_10500500C4DD7000_0_31_63.tif,/tmp/share/data/spacenet8/Germany_Training_Public/annotations/masks/road_10500500C4DD7000_0_31_63.tif,/tmp/share/data/spacenet8/Germany_Training_Public/annotations/masks/roadspeed_10500500C4DD7000_0_31_63.tif
/tmp/share/data/spacenet8/Louisiana-East_Training_Public/PRE-event/10400100684A4B00_1_23_73.tif,/tmp/share/data/spacenet8/Louisiana-East_Training_Public/POST-event/10300100C46F5900_1_23_73.tif,/tmp/share/data/spacenet8/Louisiana-East_Training_Public/annotations/masks/flood_10400100684A4B00_1_23_73.tif,/tmp/share/data/spacenet8/Louisiana-East_Training_Public/annotations/masks/building_10400100684A4B00_1_23_73.tif,/tmp/share/data/spacenet8/Louisiana-East_Training_Public/annotations/masks/road_10400100684A4B00_1_23_73.tif,/tmp/share/data/spacenet8/Louisiana-East_Training_Public/annotations/masks/roadspeed_10400100684A4B00_1_23_73.tif
/tmp/share/data/spacenet8/Louisiana-East_Training_Public/PRE-event/10400100684A4B00_1_26_71.tif,/tmp/share/data/spacenet8/Louisiana-East_Training_Public/POST-event/10300100C46F5900_1_26_71.tif,/tmp/share/data/spacenet8/Louisiana-East_Training_Public/annotations/masks/flood_10400100684A4B00_1_26_71.tif,/tmp/share/data/spacenet8/Louisiana-East_Training_Public/annotations/masks/building_10400100684A4B00_1_26_71.tif,/tmp/share/data/spacenet8/Louisiana-East_Training_Public/annotations/masks/road_10400100684A4B00_1_26_71.tif,/tmp/share/data/spacenet8/Louisiana-East_Training_Public/annotations/masks/roadspeed_10400100684A4B00_1_26_71.tif
/tmp/share/data/spacenet8/Louisiana-East_Training_Public/PRE-event/10400100684A4B00_1_11_89.tif,/tmp/share/data/spacenet8/Louisiana-East_Training_Public/POST-event/10300100C46F5900_1_11_89.tif,/tmp/share/data/spacenet8/Louisiana-East_Training_Public/annotations/masks/flood_10400100684A4B00_1_11_89.tif,/tmp/share/data/spacenet8/Louisiana-East_Training_Public/annotations/masks/building_10400100684A4B00_1_11_89.tif,/tmp/share/data/spacenet8/Louisiana-East_Training_Public/annotations/masks/road_10400100684A4B00_1_11_89.tif,/tmp/share/data/spacenet8/Louisiana-East_Training_Public/annotations/masks/roadspeed_10400100684A4B00_1_11_89.tif
/tmp/share/data/spacenet8/Germany_Training_Public/PRE-event/10500500C4DD7000_0_40_69.tif,/tmp/share/data/spacenet8/Germany_Training_Public/POST-event/10500500E6DD3C00_0_40_69.tif,/tmp/share/data/spacenet8/Germany_Training_Public/annotations/masks/flood_10500500C4DD7000_0_40_69.tif,/tmp/share/data/spacenet8/Germany_Training_Public/annotations/masks/building_10500500C4DD7000_0_40_69.tif,/tmp/share/data/spacenet8/Germany_Training_Public/annotations/masks/road_10500500C4DD7000_0_40_69.tif,/tmp/share/data/spacenet8/Germany_Training_Public/annotations/masks/roadspeed_10500500C4DD7000_0_40_69.tif
/tmp/share/data/spacenet8/Louisiana-East_Training_Public/PRE-event/10400100684A4B00_1_4_88.tif,/tmp/share/data/spacenet8/Louisiana-East_Training_Public/POST-event/10300100C46F5900_1_4_88.tif,/tmp/share/data/spacenet8/Louisiana-East_Training_Public/annotations/masks/flood_10400100684A4B00_1_4_88.tif,/tmp/share/data/spacenet8/Louisiana-East_Training_Public/annotations/masks/building_10400100684A4B00_1_4_88.tif,/tmp/share/data/spacenet8/Louisiana-East_Training_Public/annotations/masks/road_10400100684A4B00_1_4_88.tif,/tmp/share/data/spacenet8/Louisiana-East_Training_Public/annotations/masks/roadspeed_10400100684A4B00_1_4_88.tif
/tmp/share/data/spacenet8/Louisiana-East_Training_Public/PRE-event/10400100684A4B00_1_16_75.tif,/tmp/share/data/spacenet8/Louisiana-East_Training_Public/POST-event/10300100C46F5900_1_16_75.tif,/tmp/share/data/spacenet8/Louisiana-East_Training_Public/annotations/masks/flood_10400100684A4B00_1_16_75.tif,/tmp/share/data/spacenet8/Louisiana-East_Training_Public/annotations/masks/building_10400100684A4B00_1_16_75.tif,/tmp/share/data/spacenet8/Louisiana-East_Training_Public/annotations/masks/road_10400100684A4B00_1_16_75.tif,/tmp/share/data/spacenet8/Louisiana-East_Training_Public/annotations/masks/roadspeed_10400100684A4B00_1_16_75.tif
/tmp/share/data/spacenet8/Germany_Training_Public/PRE-event/10500500C4DD7000_0_40_61.tif,/tmp/share/data/spacenet8/Germany_Training_Public/POST-event/10500500E6DD3C00_0_40_61.tif,/tmp/share/data/spacenet8/Germany_Training_Public/annotations/masks/flood_10500500C4DD7000_0_40_61.tif,/tmp/share/data/spacenet8/Germany_Training_Public/annotations/masks/building_10500500C4DD7000_0_40_61.tif,/tmp/share/data/spacenet8/Germany_Training_Public/annotations/masks/road_10500500C4DD7000_0_40_61.tif,/tmp/share/data/spacenet8/Germany_Training_Public/annotations/masks/roadspeed_10500500C4DD7000_0_40_61.tif
/tmp/share/data/spacenet8/Germany_Training_Public/PRE-event/10500500C4DD7000_0_24_68.tif,/tmp/share/data/spacenet8/Germany_Training_Public/POST-event/1040050035DC3B00_0_24_68.tif,/tmp/share/data/spacenet8/Germany_Training_Public/annotations/masks/flood_10500500C4DD7000_0_24_68.tif,/tmp/share/data/spacenet8/Germany_Training_Public/annotations/masks/building_10500500C4DD7000_0_24_68.tif,/tmp/share/data/spacenet8/Germany_Training_Public/annotations/masks/road_10500500C4DD7000_0_24_68.tif,/tmp/share/data/spacenet8/Germany_Training_Public/annotations/masks/roadspeed_10500500C4DD7000_0_24_68.tif
/tmp/share/data/spacenet8/Louisiana-East_Training_Public/PRE-event/10400100684A4B00_1_10_90.tif,/tmp/share/data/spacenet8/Louisiana-East_Training_Public/POST-event/10300100C46F5900_1_10_90.tif,/tmp/share/data/spacenet8/Louisiana-East_Training_Public/annotations/masks/flood_10400100684A4B00_1_10_90.tif,/tmp/share/data/spacenet8/Louisiana-East_Training_Public/annotations/masks/building_10400100684A4B00_1_10_90.tif,/tmp/share/data/spacenet8/Louisiana-East_Training_Public/annotations/masks/road_10400100684A4B00_1_10_90.tif,/tmp/share/data/spacenet8/Louisiana-East_Training_Public/annotations/masks/roadspeed_10400100684A4B00_1_10_90.tif
/tmp/share/data/spacenet8/Germany_Training_Public/PRE-event/10500500C4DD7000_0_29_60.tif,/tmp/share/data/spacenet8/Germany_Training_Public/POST-event/10500500E6DD3C00_0_29_60.tif,/tmp/share/data/spacenet8/Germany_Training_Public/annotations/masks/flood_10500500C4DD7000_0_29_60.tif,/tmp/share/data/spacenet8/Germany_Training_Public/annotations/masks/building_10500500C4DD7000_0_29_60.tif,/tmp/share/data/spacenet8/Germany_Training_Public/annotations/masks/road_10500500C4DD7000_0_29_60.tif,/tmp/share/data/spacenet8/Germany_Training_Public/annotations/masks/roadspeed_10500500C4DD7000_0_29_60.tif
/tmp/share/data/spacenet8/Louisiana-East_Training_Public/PRE-event/10300100AF395C00_2_20_45.tif,/tmp/share/data/spacenet8/Louisiana-East_Training_Public/POST-event/10300100C46F5900_2_20_45.tif,/tmp/share/data/spacenet8/Louisiana-East_Training_Public/annotations/masks/flood_10300100AF395C00_2_20_45.tif,/tmp/share/data/spacenet8/Louisiana-East_Training_Public/annotations/masks/building_10300100AF395C00_2_20_45.tif,/tmp/share/data/spacenet8/Louisiana-East_Training_Public/annotations/masks/road_10300100AF395C00_2_20_45.tif,/tmp/share/data/spacenet8/Louisiana-East_Training_Public/annotations/masks/roadspeed_10300100AF395C00_2_20_45.tif
/tmp/share/data/spacenet8/Germany_Training_Public/PRE-event/10500500C4DD7000_0_29_63.tif,/tmp/share/data/spacenet8/Germany_Training_Public/POST-event/10500500E6DD3C00_0_29_63.tif,/tmp/share/data/spacenet8/Germany_Training_Public/annotations/masks/flood_10500500C4DD7000_0_29_63.tif,/tmp/share/data/spacenet8/Germany_Training_Public/annotations/masks/building_10500500C4DD7000_0_29_63.tif,/tmp/share/data/spacenet8/Germany_Training_Public/annotations/masks/road_10500500C4DD7000_0_29_63.tif,/tmp/share/data/spacenet8/Germany_Training_Public/annotations/masks/roadspeed_10500500C4DD7000_0_29_63.tif
/tmp/share/data/spacenet8/Louisiana-East_Training_Public/PRE-event/10400100684A4B00_1_13_80.tif,/tmp/share/data/spacenet8/Louisiana-East_Training_Public/POST-event/10300100C46F5900_1_13_80.tif,/tmp/share/data/spacenet8/Louisiana-East_Training_Public/annotations/masks/flood_10400100684A4B00_1_13_80.tif,/tmp/share/data/spacenet8/Louisiana-East_Training_Public/annotations/masks/building_10400100684A4B00_1_13_80.tif,/tmp/share/data/spacenet8/Louisiana-East_Training_Public/annotations/masks/road_10400100684A4B00_1_13_80.tif,/tmp/share/data/spacenet8/Louisiana-East_Training_Public/annotations/masks/roadspeed_10400100684A4B00_1_13_80.tif
/tmp/share/data/spacenet8/Louisiana-East_Training_Public/PRE-event/105001001A0FFC00_0_21_22.tif,/tmp/share/data/spacenet8/Louisiana-East_Training_Public/POST-event/10300100C46F5900_0_21_22.tif,/tmp/share/data/spacenet8/Louisiana-East_Training_Public/annotations/masks/flood_105001001A0FFC00_0_21_22.tif,/tmp/share/data/spacenet8/Louisiana-East_Training_Public/annotations/masks/building_105001001A0FFC00_0_21_22.tif,/tmp/share/data/spacenet8/Louisiana-East_Training_Public/annotations/masks/road_105001001A0FFC00_0_21_22.tif,/tmp/share/data/spacenet8/Louisiana-East_Training_Public/annotations/masks/roadspeed_105001001A0FFC00_0_21_22.tif
/tmp/share/data/spacenet8/Louisiana-East_Training_Public/PRE-event/10300100AF395C00_2_16_45.tif,/tmp/share/data/spacenet8/Louisiana-East_Training_Public/POST-event/10300100C46F5900_2_16_45.tif,/tmp/share/data/spacenet8/Louisiana-East_Training_Public/annotations/masks/flood_10300100AF395C00_2_16_45.tif,/tmp/share/data/spacenet8/Louisiana-East_Training_Public/annotations/masks/building_10300100AF395C00_2_16_45.tif,/tmp/share/data/spacenet8/Louisiana-East_Training_Public/annotations/masks/road_10300100AF395C00_2_16_45.tif,/tmp/share/data/spacenet8/Louisiana-East_Training_Public/annotations/masks/roadspeed_10300100AF395C00_2_16_45.tif
/tmp/share/data/spacenet8/Louisiana-East_Training_Public/PRE-event/10400100684A4B00_1_24_74.tif,/tmp/share/data/spacenet8/Louisiana-East_Training_Public/POST-event/10300100C46F5900_1_24_74.tif,/tmp/share/data/spacenet8/Louisiana-East_Training_Public/annotations/masks/flood_10400100684A4B00_1_24_74.tif,/tmp/share/data/spacenet8/Louisiana-East_Training_Public/annotations/masks/building_10400100684A4B00_1_24_74.tif,/tmp/share/data/spacenet8/Louisiana-East_Training_Public/annotations/masks/road_10400100684A4B00_1_24_74.tif,/tmp/share/data/spacenet8/Louisiana-East_Training_Public/annotations/masks/roadspeed_10400100684A4B00_1_24_74.tif
/tmp/share/data/spacenet8/Louisiana-East_Training_Public/PRE-event/10300100AF395C00_2_15_47.tif,/tmp/share/data/spacenet8/Louisiana-East_Training_Public/POST-event/10300100C46F5900_2_15_47.tif,/tmp/share/data/spacenet8/Louisiana-East_Training_Public/annotations/masks/flood_10300100AF395C00_2_15_47.tif,/tmp/share/data/spacenet8/Louisiana-East_Training_Public/annotations/masks/building_10300100AF395C00_2_15_47.tif,/tmp/share/data/spacenet8/Louisiana-East_Training_Public/annotations/masks/road_10300100AF395C00_2_15_47.tif,/tmp/share/data/spacenet8/Louisiana-East_Training_Public/annotations/masks/roadspeed_10300100AF395C00_2_15_47.tif
/tmp/share/data/spacenet8/Louisiana-East_Training_Public/PRE-event/10400100684A4B00_1_9_87.tif,/tmp/share/data/spacenet8/Louisiana-East_Training_Public/POST-event/10300100C46F5900_1_9_87.tif,/tmp/share/data/spacenet8/Louisiana-East_Training_Public/annotations/masks/flood_10400100684A4B00_1_9_87.tif,/tmp/share/data/spacenet8/Louisiana-East_Training_Public/annotations/masks/building_10400100684A4B00_1_9_87.tif,/tmp/share/data/spacenet8/Louisiana-East_Training_Public/annotations/masks/road_10400100684A4B00_1_9_87.tif,/tmp/share/data/spacenet8/Louisiana-East_Training_Public/annotations/masks/roadspeed_10400100684A4B00_1_9_87.tif
/tmp/share/data/spacenet8/Louisiana-East_Training_Public/PRE-event/10400100684A4B00_1_6_101.tif,/tmp/share/data/spacenet8/Louisiana-East_Training_Public/POST-event/10300100C46F5900_1_6_101.tif,/tmp/share/data/spacenet8/Louisiana-East_Training_Public/annotations/masks/flood_10400100684A4B00_1_6_101.tif,/tmp/share/data/spacenet8/Louisiana-East_Training_Public/annotations/masks/building_10400100684A4B00_1_6_101.tif,/tmp/share/data/spacenet8/Louisiana-East_Training_Public/annotations/masks/road_10400100684A4B00_1_6_101.tif,/tmp/share/data/spacenet8/Louisiana-East_Training_Public/annotations/masks/roadspeed_10400100684A4B00_1_6_101.tif
/tmp/share/data/spacenet8/Louisiana-East_Training_Public/PRE-event/10400100684A4B00_1_7_95.tif,/tmp/share/data/spacenet8/Louisiana-East_Training_Public/POST-event/10300100C46F5900_1_7_95.tif,/tmp/share/data/spacenet8/Louisiana-East_Training_Public/annotations/masks/flood_10400100684A4B00_1_7_95.tif,/tmp/share/data/spacenet8/Louisiana-East_Training_Public/annotations/masks/building_10400100684A4B00_1_7_95.tif,/tmp/share/data/spacenet8/Louisiana-East_Training_Public/annotations/masks/road_10400100684A4B00_1_7_95.tif,/tmp/share/data/spacenet8/Louisiana-East_Training_Public/annotations/masks/roadspeed_10400100684A4B00_1_7_95.tif
/tmp/share/data/spacenet8/Germany_Training_Public/PRE-event/10500500C4DD7000_0_18_65.tif,/tmp/share/data/spacenet8/Germany_Training_Public/POST-event/1040050035DC3B00_0_18_65.tif,/tmp/share/data/spacenet8/Germany_Training_Public/annotations/masks/flood_10500500C4DD7000_0_18_65.tif,/tmp/share/data/spacenet8/Germany_Training_Public/annotations/masks/building_10500500C4DD7000_0_18_65.tif,/tmp/share/data/spacenet8/Germany_Training_Public/annotations/masks/road_10500500C4DD7000_0_18_65.tif,/tmp/share/data/spacenet8/Germany_Training_Public/annotations/masks/roadspeed_10500500C4DD7000_0_18_65.tif
/tmp/share/data/spacenet8/Louisiana-East_Training_Public/PRE-event/10300100AF395C00_2_18_36.tif,/tmp/share/data/spacenet8/Louisiana-East_Training_Public/POST-event/10300100C46F5900_2_18_36.tif,/tmp/share/data/spacenet8/Louisiana-East_Training_Public/annotations/masks/flood_10300100AF395C00_2_18_36.tif,/tmp/share/data/spacenet8/Louisiana-East_Training_Public/annotations/masks/building_10300100AF395C00_2_18_36.tif,/tmp/share/data/spacenet8/Louisiana-East_Training_Public/annotations/masks/road_10300100AF395C00_2_18_36.tif,/tmp/share/data/spacenet8/Louisiana-East_Training_Public/annotations/masks/roadspeed_10300100AF395C00_2_18_36.tif
/tmp/share/data/spacenet8/Louisiana-East_Training_Public/PRE-event/10400100684A4B00_1_14_82.tif,/tmp/share/data/spacenet8/Louisiana-East_Training_Public/POST-event/10300100C46F5900_1_14_82.tif,/tmp/share/data/spacenet8/Louisiana-East_Training_Public/annotations/masks/flood_10400100684A4B00_1_14_82.tif,/tmp/share/data/spacenet8/Louisiana-East_Training_Public/annotations/masks/building_10400100684A4B00_1_14_82.tif,/tmp/share/data/spacenet8/Louisiana-East_Training_Public/annotations/masks/road_10400100684A4B00_1_14_82.tif,/tmp/share/data/spacenet8/Louisiana-East_Training_Public/annotations/masks/roadspeed_10400100684A4B00_1_14_82.tif
/tmp/share/data/spacenet8/Louisiana-East_Training_Public/PRE-event/10400100684A4B00_1_9_80.tif,/tmp/share/data/spacenet8/Louisiana-East_Training_Public/POST-event/10300100C46F5900_1_9_80.tif,/tmp/share/data/spacenet8/Louisiana-East_Training_Public/annotations/masks/flood_10400100684A4B00_1_9_80.tif,/tmp/share/data/spacenet8/Louisiana-East_Training_Public/annotations/masks/building_10400100684A4B00_1_9_80.tif,/tmp/share/data/spacenet8/Louisiana-East_Training_Public/annotations/masks/road_10400100684A4B00_1_9_80.tif,/tmp/share/data/spacenet8/Louisiana-East_Training_Public/annotations/masks/roadspeed_10400100684A4B00_1_9_80.tif
/tmp/share/data/spacenet8/Louisiana-East_Training_Public/PRE-event/10400100684A4B00_1_7_91.tif,/tmp/share/data/spacenet8/Louisiana-East_Training_Public/POST-event/10300100C46F5900_1_7_91.tif,/tmp/share/data/spacenet8/Louisiana-East_Training_Public/annotations/masks/flood_10400100684A4B00_1_7_91.tif,/tmp/share/data/spacenet8/Louisiana-East_Training_Public/annotations/masks/building_10400100684A4B00_1_7_91.tif,/tmp/share/data/spacenet8/Louisiana-East_Training_Public/annotations/masks/road_10400100684A4B00_1_7_91.tif,/tmp/share/data/spacenet8/Louisiana-East_Training_Public/annotations/masks/roadspeed_10400100684A4B00_1_7_91.tif
/tmp/share/data/spacenet8/Germany_Training_Public/PRE-event/10500500C4DD7000_0_36_68.tif,/tmp/share/data/spacenet8/Germany_Training_Public/POST-event/10500500E6DD3C00_0_36_68.tif,/tmp/share/data/spacenet8/Germany_Training_Public/annotations/masks/flood_10500500C4DD7000_0_36_68.tif,/tmp/share/data/spacenet8/Germany_Training_Public/annotations/masks/building_10500500C4DD7000_0_36_68.tif,/tmp/share/data/spacenet8/Germany_Training_Public/annotations/masks/road_10500500C4DD7000_0_36_68.tif,/tmp/share/data/spacenet8/Germany_Training_Public/annotations/masks/roadspeed_10500500C4DD7000_0_36_68.tif
/tmp/share/data/spacenet8/Germany_Training_Public/PRE-event/10500500C4DD7000_0_43_58.tif,/tmp/share/data/spacenet8/Germany_Training_Public/POST-event/10500500E6DD3C00_0_43_58.tif,/tmp/share/data/spacenet8/Germany_Training_Public/annotations/masks/flood_10500500C4DD7000_0_43_58.tif,/tmp/share/data/spacenet8/Germany_Training_Public/annotations/masks/building_10500500C4DD7000_0_43_58.tif,/tmp/share/data/spacenet8/Germany_Training_Public/annotations/masks/road_10500500C4DD7000_0_43_58.tif,/tmp/share/data/spacenet8/Germany_Training_Public/annotations/masks/roadspeed_10500500C4DD7000_0_43_58.tif
/tmp/share/data/spacenet8/Louisiana-East_Training_Public/PRE-event/10400100684A4B00_1_6_100.tif,/tmp/share/data/spacenet8/Louisiana-East_Training_Public/POST-event/10300100C46F5900_1_6_100.tif,/tmp/share/data/spacenet8/Louisiana-East_Training_Public/annotations/masks/flood_10400100684A4B00_1_6_100.tif,/tmp/share/data/spacenet8/Louisiana-East_Training_Public/annotations/masks/building_10400100684A4B00_1_6_100.tif,/tmp/share/data/spacenet8/Louisiana-East_Training_Public/annotations/masks/road_10400100684A4B00_1_6_100.tif,/tmp/share/data/spacenet8/Louisiana-East_Training_Public/annotations/masks/roadspeed_10400100684A4B00_1_6_100.tif
/tmp/share/data/spacenet8/Germany_Training_Public/PRE-event/10500500C4DD7000_0_37_59.tif,/tmp/share/data/spacenet8/Germany_Training_Public/POST-event/10500500E6DD3C00_0_37_59.tif,/tmp/share/data/spacenet8/Germany_Training_Public/annotations/masks/flood_10500500C4DD7000_0_37_59.tif,/tmp/share/data/spacenet8/Germany_Training_Public/annotations/masks/building_10500500C4DD7000_0_37_59.tif,/tmp/share/data/spacenet8/Germany_Training_Public/annotations/masks/road_10500500C4DD7000_0_37_59.tif,/tmp/share/data/spacenet8/Germany_Training_Public/annotations/masks/roadspeed_10500500C4DD7000_0_37_59.tif
/tmp/share/data/spacenet8/Louisiana-East_Training_Public/PRE-event/10400100684A4B00_1_19_72.tif,/tmp/share/data/spacenet8/Louisiana-East_Training_Public/POST-event/10300100C46F5900_1_19_72.tif,/tmp/share/data/spacenet8/Louisiana-East_Training_Public/annotations/masks/flood_10400100684A4B00_1_19_72.tif,/tmp/share/data/spacenet8/Louisiana-East_Training_Public/annotations/masks/building_10400100684A4B00_1_19_72.tif,/tmp/share/data/spacenet8/Louisiana-East_Training_Public/annotations/masks/road_10400100684A4B00_1_19_72.tif,/tmp/share/data/spacenet8/Louisiana-East_Training_Public/annotations/masks/roadspeed_10400100684A4B00_1_19_72.tif
/tmp/share/data/spacenet8/Louisiana-East_Training_Public/PRE-event/10300100AF395C00_2_16_39.tif,/tmp/share/data/spacenet8/Louisiana-East_Training_Public/POST-event/10300100C46F5900_2_16_39.tif,/tmp/share/data/spacenet8/Louisiana-East_Training_Public/annotations/masks/flood_10300100AF395C00_2_16_39.tif,/tmp/share/data/spacenet8/Louisiana-East_Training_Public/annotations/masks/building_10300100AF395C00_2_16_39.tif,/tmp/share/data/spacenet8/Louisiana-East_Training_Public/annotations/masks/road_10300100AF395C00_2_16_39.tif,/tmp/share/data/spacenet8/Louisiana-East_Training_Public/annotations/masks/roadspeed_10300100AF395C00_2_16_39.tif
/tmp/share/data/spacenet8/Germany_Training_Public/PRE-event/10500500C4DD7000_0_15_65.tif,/tmp/share/data/spacenet8/Germany_Training_Public/POST-event/1040050035DC3B00_0_15_65.tif,/tmp/share/data/spacenet8/Germany_Training_Public/annotations/masks/flood_10500500C4DD7000_0_15_65.tif,/tmp/share/data/spacenet8/Germany_Training_Public/annotations/masks/building_10500500C4DD7000_0_15_65.tif,/tmp/share/data/spacenet8/Germany_Training_Public/annotations/masks/road_10500500C4DD7000_0_15_65.tif,/tmp/share/data/spacenet8/Germany_Training_Public/annotations/masks/roadspeed_10500500C4DD7000_0_15_65.tif
/tmp/share/data/spacenet8/Louisiana-East_Training_Public/PRE-event/10400100684A4B00_1_4_94.tif,/tmp/share/data/spacenet8/Louisiana-East_Training_Public/POST-event/10300100C46F5900_1_4_94.tif,/tmp/share/data/spacenet8/Louisiana-East_Training_Public/annotations/masks/flood_10400100684A4B00_1_4_94.tif,/tmp/share/data/spacenet8/Louisiana-East_Training_Public/annotations/masks/building_10400100684A4B00_1_4_94.tif,/tmp/share/data/spacenet8/Louisiana-East_Training_Public/annotations/masks/road_10400100684A4B00_1_4_94.tif,/tmp/share/data/spacenet8/Louisiana-East_Training_Public/annotations/masks/roadspeed_10400100684A4B00_1_4_94.tif
/tmp/share/data/spacenet8/Louisiana-East_Training_Public/PRE-event/10400100684A4B00_1_15_82.tif,/tmp/share/data/spacenet8/Louisiana-East_Training_Public/POST-event/10300100C46F5900_1_15_82.tif,/tmp/share/data/spacenet8/Louisiana-East_Training_Public/annotations/masks/flood_10400100684A4B00_1_15_82.tif,/tmp/share/data/spacenet8/Louisiana-East_Training_Public/annotations/masks/building_10400100684A4B00_1_15_82.tif,/tmp/share/data/spacenet8/Louisiana-East_Training_Public/annotations/masks/road_10400100684A4B00_1_15_82.tif,/tmp/share/data/spacenet8/Louisiana-East_Training_Public/annotations/masks/roadspeed_10400100684A4B00_1_15_82.tif
/tmp/share/data/spacenet8/Louisiana-East_Training_Public/PRE-event/10400100684A4B00_1_17_86.tif,/tmp/share/data/spacenet8/Louisiana-East_Training_Public/POST-event/10300100C46F5900_1_17_86.tif,/tmp/share/data/spacenet8/Louisiana-East_Training_Public/annotations/masks/flood_10400100684A4B00_1_17_86.tif,/tmp/share/data/spacenet8/Louisiana-East_Training_Public/annotations/masks/building_10400100684A4B00_1_17_86.tif,/tmp/share/data/spacenet8/Louisiana-East_Training_Public/annotations/masks/road_10400100684A4B00_1_17_86.tif,/tmp/share/data/spacenet8/Louisiana-East_Training_Public/annotations/masks/roadspeed_10400100684A4B00_1_17_86.tif
/tmp/share/data/spacenet8/Louisiana-East_Training_Public/PRE-event/105001001A0FFC00_0_24_17.tif,/tmp/share/data/spacenet8/Louisiana-East_Training_Public/POST-event/10300100C46F5900_0_24_17.tif,/tmp/share/data/spacenet8/Louisiana-East_Training_Public/annotations/masks/flood_105001001A0FFC00_0_24_17.tif,/tmp/share/data/spacenet8/Louisiana-East_Training_Public/annotations/masks/building_105001001A0FFC00_0_24_17.tif,/tmp/share/data/spacenet8/Louisiana-East_Training_Public/annotations/masks/road_105001001A0FFC00_0_24_17.tif,/tmp/share/data/spacenet8/Louisiana-East_Training_Public/annotations/masks/roadspeed_105001001A0FFC00_0_24_17.tif
/tmp/share/data/spacenet8/Louisiana-East_Training_Public/PRE-event/10400100684A4B00_1_22_73.tif,/tmp/share/data/spacenet8/Louisiana-East_Training_Public/POST-event/10300100C46F5900_1_22_73.tif,/tmp/share/data/spacenet8/Louisiana-East_Training_Public/annotations/masks/flood_10400100684A4B00_1_22_73.tif,/tmp/share/data/spacenet8/Louisiana-East_Training_Public/annotations/masks/building_10400100684A4B00_1_22_73.tif,/tmp/share/data/spacenet8/Louisiana-East_Training_Public/annotations/masks/road_10400100684A4B00_1_22_73.tif,/tmp/share/data/spacenet8/Louisiana-East_Training_Public/annotations/masks/roadspeed_10400100684A4B00_1_22_73.tif
/tmp/share/data/spacenet8/Louisiana-East_Training_Public/PRE-event/10400100684A4B00_1_22_76.tif,/tmp/share/data/spacenet8/Louisiana-East_Training_Public/POST-event/10300100C46F5900_1_22_76.tif,/tmp/share/data/spacenet8/Louisiana-East_Training_Public/annotations/masks/flood_10400100684A4B00_1_22_76.tif,/tmp/share/data/spacenet8/Louisiana-East_Training_Public/annotations/masks/building_10400100684A4B00_1_22_76.tif,/tmp/share/data/spacenet8/Louisiana-East_Training_Public/annotations/masks/road_10400100684A4B00_1_22_76.tif,/tmp/share/data/spacenet8/Louisiana-East_Training_Public/annotations/masks/roadspeed_10400100684A4B00_1_22_76.tif
/tmp/share/data/spacenet8/Louisiana-East_Training_Public/PRE-event/10400100684A4B00_1_21_76.tif,/tmp/share/data/spacenet8/Louisiana-East_Training_Public/POST-event/10300100C46F5900_1_21_76.tif,/tmp/share/data/spacenet8/Louisiana-East_Training_Public/annotations/masks/flood_10400100684A4B00_1_21_76.tif,/tmp/share/data/spacenet8/Louisiana-East_Training_Public/annotations/masks/building_10400100684A4B00_1_21_76.tif,/tmp/share/data/spacenet8/Louisiana-East_Training_Public/annotations/masks/road_10400100684A4B00_1_21_76.tif,/tmp/share/data/spacenet8/Louisiana-East_Training_Public/annotations/masks/roadspeed_10400100684A4B00_1_21_76.tif
/tmp/share/data/spacenet8/Louisiana-East_Training_Public/PRE-event/10300100AF395C00_2_18_53.tif,/tmp/share/data/spacenet8/Louisiana-East_Training_Public/POST-event/10300100C46F5900_2_18_53.tif,/tmp/share/data/spacenet8/Louisiana-East_Training_Public/annotations/masks/flood_10300100AF395C00_2_18_53.tif,/tmp/share/data/spacenet8/Louisiana-East_Training_Public/annotations/masks/building_10300100AF395C00_2_18_53.tif,/tmp/share/data/spacenet8/Louisiana-East_Training_Public/annotations/masks/road_10300100AF395C00_2_18_53.tif,/tmp/share/data/spacenet8/Louisiana-East_Training_Public/annotations/masks/roadspeed_10300100AF395C00_2_18_53.tif
/tmp/share/data/spacenet8/Germany_Training_Public/PRE-event/10500500C4DD7000_0_38_60.tif,/tmp/share/data/spacenet8/Germany_Training_Public/POST-event/10500500E6DD3C00_0_38_60.tif,/tmp/share/data/spacenet8/Germany_Training_Public/annotations/masks/flood_10500500C4DD7000_0_38_60.tif,/tmp/share/data/spacenet8/Germany_Training_Public/annotations/masks/building_10500500C4DD7000_0_38_60.tif,/tmp/share/data/spacenet8/Germany_Training_Public/annotations/masks/road_10500500C4DD7000_0_38_60.tif,/tmp/share/data/spacenet8/Germany_Training_Public/annotations/masks/roadspeed_10500500C4DD7000_0_38_60.tif
/tmp/share/data/spacenet8/Louisiana-East_Training_Public/PRE-event/10400100684A4B00_1_25_72.tif,/tmp/share/data/spacenet8/Louisiana-East_Training_Public/POST-event/10300100C46F5900_1_25_72.tif,/tmp/share/data/spacenet8/Louisiana-East_Training_Public/annotations/masks/flood_10400100684A4B00_1_25_72.tif,/tmp/share/data/spacenet8/Louisiana-East_Training_Public/annotations/masks/building_10400100684A4B00_1_25_72.tif,/tmp/share/data/spacenet8/Louisiana-East_Training_Public/annotations/masks/road_10400100684A4B00_1_25_72.tif,/tmp/share/data/spacenet8/Louisiana-East_Training_Public/annotations/masks/roadspeed_10400100684A4B00_1_25_72.tif
/tmp/share/data/spacenet8/Louisiana-East_Training_Public/PRE-event/10300100AF395C00_2_15_45.tif,/tmp/share/data/spacenet8/Louisiana-East_Training_Public/POST-event/10300100C46F5900_2_15_45.tif,/tmp/share/data/spacenet8/Louisiana-East_Training_Public/annotations/masks/flood_10300100AF395C00_2_15_45.tif,/tmp/share/data/spacenet8/Louisiana-East_Training_Public/annotations/masks/building_10300100AF395C00_2_15_45.tif,/tmp/share/data/spacenet8/Louisiana-East_Training_Public/annotations/masks/road_10300100AF395C00_2_15_45.tif,/tmp/share/data/spacenet8/Louisiana-East_Training_Public/annotations/masks/roadspeed_10300100AF395C00_2_15_45.tif
/tmp/share/data/spacenet8/Louisiana-East_Training_Public/PRE-event/10300100AF395C00_2_16_48.tif,/tmp/share/data/spacenet8/Louisiana-East_Training_Public/POST-event/10300100C46F5900_2_16_48.tif,/tmp/share/data/spacenet8/Louisiana-East_Training_Public/annotations/masks/flood_10300100AF395C00_2_16_48.tif,/tmp/share/data/spacenet8/Louisiana-East_Training_Public/annotations/masks/building_10300100AF395C00_2_16_48.tif,/tmp/share/data/spacenet8/Louisiana-East_Training_Public/annotations/masks/road_10300100AF395C00_2_16_48.tif,/tmp/share/data/spacenet8/Louisiana-East_Training_Public/annotations/masks/roadspeed_10300100AF395C00_2_16_48.tif
/tmp/share/data/spacenet8/Louisiana-East_Training_Public/PRE-event/105001001A0FFC00_0_22_19.tif,/tmp/share/data/spacenet8/Louisiana-East_Training_Public/POST-event/10300100C46F5900_0_22_19.tif,/tmp/share/data/spacenet8/Louisiana-East_Training_Public/annotations/masks/flood_105001001A0FFC00_0_22_19.tif,/tmp/share/data/spacenet8/Louisiana-East_Training_Public/annotations/masks/building_105001001A0FFC00_0_22_19.tif,/tmp/share/data/spacenet8/Louisiana-East_Training_Public/annotations/masks/road_105001001A0FFC00_0_22_19.tif,/tmp/share/data/spacenet8/Louisiana-East_Training_Public/annotations/masks/roadspeed_105001001A0FFC00_0_22_19.tif
/tmp/share/data/spacenet8/Louisiana-East_Training_Public/PRE-event/10400100684A4B00_1_15_93.tif,/tmp/share/data/spacenet8/Louisiana-East_Training_Public/POST-event/10300100C46F5900_1_15_93.tif,/tmp/share/data/spacenet8/Louisiana-East_Training_Public/annotations/masks/flood_10400100684A4B00_1_15_93.tif,/tmp/share/data/spacenet8/Louisiana-East_Training_Public/annotations/masks/building_10400100684A4B00_1_15_93.tif,/tmp/share/data/spacenet8/Louisiana-East_Training_Public/annotations/masks/road_10400100684A4B00_1_15_93.tif,/tmp/share/data/spacenet8/Louisiana-East_Training_Public/annotations/masks/roadspeed_10400100684A4B00_1_15_93.tif
/tmp/share/data/spacenet8/Louisiana-East_Training_Public/PRE-event/10400100684A4B00_1_11_94.tif,/tmp/share/data/spacenet8/Louisiana-East_Training_Public/POST-event/10300100C46F5900_1_11_94.tif,/tmp/share/data/spacenet8/Louisiana-East_Training_Public/annotations/masks/flood_10400100684A4B00_1_11_94.tif,/tmp/share/data/spacenet8/Louisiana-East_Training_Public/annotations/masks/building_10400100684A4B00_1_11_94.tif,/tmp/share/data/spacenet8/Louisiana-East_Training_Public/annotations/masks/road_10400100684A4B00_1_11_94.tif,/tmp/share/data/spacenet8/Louisiana-East_Training_Public/annotations/masks/roadspeed_10400100684A4B00_1_11_94.tif
/tmp/share/data/spacenet8/Louisiana-East_Training_Public/PRE-event/10400100684A4B00_1_22_78.tif,/tmp/share/data/spacenet8/Louisiana-East_Training_Public/POST-event/10300100C46F5900_1_22_78.tif,/tmp/share/data/spacenet8/Louisiana-East_Training_Public/annotations/masks/flood_10400100684A4B00_1_22_78.tif,/tmp/share/data/spacenet8/Louisiana-East_Training_Public/annotations/masks/building_10400100684A4B00_1_22_78.tif,/tmp/share/data/spacenet8/Louisiana-East_Training_Public/annotations/masks/road_10400100684A4B00_1_22_78.tif,/tmp/share/data/spacenet8/Louisiana-East_Training_Public/annotations/masks/roadspeed_10400100684A4B00_1_22_78.tif
/tmp/share/data/spacenet8/Germany_Training_Public/PRE-event/10500500C4DD7000_0_43_62.tif,/tmp/share/data/spacenet8/Germany_Training_Public/POST-event/10500500E6DD3C00_0_43_62.tif,/tmp/share/data/spacenet8/Germany_Training_Public/annotations/masks/flood_10500500C4DD7000_0_43_62.tif,/tmp/share/data/spacenet8/Germany_Training_Public/annotations/masks/building_10500500C4DD7000_0_43_62.tif,/tmp/share/data/spacenet8/Germany_Training_Public/annotations/masks/road_10500500C4DD7000_0_43_62.tif,/tmp/share/data/spacenet8/Germany_Training_Public/annotations/masks/roadspeed_10500500C4DD7000_0_43_62.tif
/tmp/share/data/spacenet8/Louisiana-East_Training_Public/PRE-event/105001001A0FFC00_0_13_15.tif,/tmp/share/data/spacenet8/Louisiana-East_Training_Public/POST-event/10300100C46F5900_0_13_15.tif,/tmp/share/data/spacenet8/Louisiana-East_Training_Public/annotations/masks/flood_105001001A0FFC00_0_13_15.tif,/tmp/share/data/spacenet8/Louisiana-East_Training_Public/annotations/masks/building_105001001A0FFC00_0_13_15.tif,/tmp/share/data/spacenet8/Louisiana-East_Training_Public/annotations/masks/road_105001001A0FFC00_0_13_15.tif,/tmp/share/data/spacenet8/Louisiana-East_Training_Public/annotations/masks/roadspeed_105001001A0FFC00_0_13_15.tif
/tmp/share/data/spacenet8/Louisiana-East_Training_Public/PRE-event/10400100684A4B00_1_25_70.tif,/tmp/share/data/spacenet8/Louisiana-East_Training_Public/POST-event/10300100C46F5900_1_25_70.tif,/tmp/share/data/spacenet8/Louisiana-East_Training_Public/annotations/masks/flood_10400100684A4B00_1_25_70.tif,/tmp/share/data/spacenet8/Louisiana-East_Training_Public/annotations/masks/building_10400100684A4B00_1_25_70.tif,/tmp/share/data/spacenet8/Louisiana-East_Training_Public/annotations/masks/road_10400100684A4B00_1_25_70.tif,/tmp/share/data/spacenet8/Louisiana-East_Training_Public/annotations/masks/roadspeed_10400100684A4B00_1_25_70.tif
/tmp/share/data/spacenet8/Louisiana-East_Training_Public/PRE-event/10300100AF395C00_2_22_44.tif,/tmp/share/data/spacenet8/Louisiana-East_Training_Public/POST-event/10300100C46F5900_2_22_44.tif,/tmp/share/data/spacenet8/Louisiana-East_Training_Public/annotations/masks/flood_10300100AF395C00_2_22_44.tif,/tmp/share/data/spacenet8/Louisiana-East_Training_Public/annotations/masks/building_10300100AF395C00_2_22_44.tif,/tmp/share/data/spacenet8/Louisiana-East_Training_Public/annotations/masks/road_10300100AF395C00_2_22_44.tif,/tmp/share/data/spacenet8/Louisiana-East_Training_Public/annotations/masks/roadspeed_10300100AF395C00_2_22_44.tif
/tmp/share/data/spacenet8/Germany_Training_Public/PRE-event/10500500C4DD7000_0_40_62.tif,/tmp/share/data/spacenet8/Germany_Training_Public/POST-event/10500500E6DD3C00_0_40_62.tif,/tmp/share/data/spacenet8/Germany_Training_Public/annotations/masks/flood_10500500C4DD7000_0_40_62.tif,/tmp/share/data/spacenet8/Germany_Training_Public/annotations/masks/building_10500500C4DD7000_0_40_62.tif,/tmp/share/data/spacenet8/Germany_Training_Public/annotations/masks/road_10500500C4DD7000_0_40_62.tif,/tmp/share/data/spacenet8/Germany_Training_Public/annotations/masks/roadspeed_10500500C4DD7000_0_40_62.tif
/tmp/share/data/spacenet8/Louisiana-East_Training_Public/PRE-event/10400100684A4B00_1_13_72.tif,/tmp/share/data/spacenet8/Louisiana-East_Training_Public/POST-event/10300100C46F5900_1_13_72.tif,/tmp/share/data/spacenet8/Louisiana-East_Training_Public/annotations/masks/flood_10400100684A4B00_1_13_72.tif,/tmp/share/data/spacenet8/Louisiana-East_Training_Public/annotations/masks/building_10400100684A4B00_1_13_72.tif,/tmp/share/data/spacenet8/Louisiana-East_Training_Public/annotations/masks/road_10400100684A4B00_1_13_72.tif,/tmp/share/data/spacenet8/Louisiana-East_Training_Public/annotations/masks/roadspeed_10400100684A4B00_1_13_72.tif
/tmp/share/data/spacenet8/Louisiana-East_Training_Public/PRE-event/10400100684A4B00_1_10_79.tif,/tmp/share/data/spacenet8/Louisiana-East_Training_Public/POST-event/10300100C46F5900_1_10_79.tif,/tmp/share/data/spacenet8/Louisiana-East_Training_Public/annotations/masks/flood_10400100684A4B00_1_10_79.tif,/tmp/share/data/spacenet8/Louisiana-East_Training_Public/annotations/masks/building_10400100684A4B00_1_10_79.tif,/tmp/share/data/spacenet8/Louisiana-East_Training_Public/annotations/masks/road_10400100684A4B00_1_10_79.tif,/tmp/share/data/spacenet8/Louisiana-East_Training_Public/annotations/masks/roadspeed_10400100684A4B00_1_10_79.tif
/tmp/share/data/spacenet8/Louisiana-East_Training_Public/PRE-event/105001001A0FFC00_0_17_19.tif,/tmp/share/data/spacenet8/Louisiana-East_Training_Public/POST-event/10300100C46F5900_0_17_19.tif,/tmp/share/data/spacenet8/Louisiana-East_Training_Public/annotations/masks/flood_105001001A0FFC00_0_17_19.tif,/tmp/share/data/spacenet8/Louisiana-East_Training_Public/annotations/masks/building_105001001A0FFC00_0_17_19.tif,/tmp/share/data/spacenet8/Louisiana-East_Training_Public/annotations/masks/road_105001001A0FFC00_0_17_19.tif,/tmp/share/data/spacenet8/Louisiana-East_Training_Public/annotations/masks/roadspeed_105001001A0FFC00_0_17_19.tif
/tmp/share/data/spacenet8/Louisiana-East_Training_Public/PRE-event/10300100AF395C00_2_21_41.tif,/tmp/share/data/spacenet8/Louisiana-East_Training_Public/POST-event/10300100C46F5900_2_21_41.tif,/tmp/share/data/spacenet8/Louisiana-East_Training_Public/annotations/masks/flood_10300100AF395C00_2_21_41.tif,/tmp/share/data/spacenet8/Louisiana-East_Training_Public/annotations/masks/building_10300100AF395C00_2_21_41.tif,/tmp/share/data/spacenet8/Louisiana-East_Training_Public/annotations/masks/road_10300100AF395C00_2_21_41.tif,/tmp/share/data/spacenet8/Louisiana-East_Training_Public/annotations/masks/roadspeed_10300100AF395C00_2_21_41.tif
/tmp/share/data/spacenet8/Louisiana-East_Training_Public/PRE-event/10300100AF395C00_2_21_37.tif,/tmp/share/data/spacenet8/Louisiana-East_Training_Public/POST-event/10300100C46F5900_2_21_37.tif,/tmp/share/data/spacenet8/Louisiana-East_Training_Public/annotations/masks/flood_10300100AF395C00_2_21_37.tif,/tmp/share/data/spacenet8/Louisiana-East_Training_Public/annotations/masks/building_10300100AF395C00_2_21_37.tif,/tmp/share/data/spacenet8/Louisiana-East_Training_Public/annotations/masks/road_10300100AF395C00_2_21_37.tif,/tmp/share/data/spacenet8/Louisiana-East_Training_Public/annotations/masks/roadspeed_10300100AF395C00_2_21_37.tif
/tmp/share/data/spacenet8/Louisiana-East_Training_Public/PRE-event/10400100684A4B00_1_24_70.tif,/tmp/share/data/spacenet8/Louisiana-East_Training_Public/POST-event/10300100C46F5900_1_24_70.tif,/tmp/share/data/spacenet8/Louisiana-East_Training_Public/annotations/masks/flood_10400100684A4B00_1_24_70.tif,/tmp/share/data/spacenet8/Louisiana-East_Training_Public/annotations/masks/building_10400100684A4B00_1_24_70.tif,/tmp/share/data/spacenet8/Louisiana-East_Training_Public/annotations/masks/road_10400100684A4B00_1_24_70.tif,/tmp/share/data/spacenet8/Louisiana-East_Training_Public/annotations/masks/roadspeed_10400100684A4B00_1_24_70.tif
/tmp/share/data/spacenet8/Louisiana-East_Training_Public/PRE-event/10400100684A4B00_1_25_74.tif,/tmp/share/data/spacenet8/Louisiana-East_Training_Public/POST-event/10300100C46F5900_1_25_74.tif,/tmp/share/data/spacenet8/Louisiana-East_Training_Public/annotations/masks/flood_10400100684A4B00_1_25_74.tif,/tmp/share/data/spacenet8/Louisiana-East_Training_Public/annotations/masks/building_10400100684A4B00_1_25_74.tif,/tmp/share/data/spacenet8/Louisiana-East_Training_Public/annotations/masks/road_10400100684A4B00_1_25_74.tif,/tmp/share/data/spacenet8/Louisiana-East_Training_Public/annotations/masks/roadspeed_10400100684A4B00_1_25_74.tif
/tmp/share/data/spacenet8/Germany_Training_Public/PRE-event/10500500C4DD7000_0_40_59.tif,/tmp/share/data/spacenet8/Germany_Training_Public/POST-event/10500500E6DD3C00_0_40_59.tif,/tmp/share/data/spacenet8/Germany_Training_Public/annotations/masks/flood_10500500C4DD7000_0_40_59.tif,/tmp/share/data/spacenet8/Germany_Training_Public/annotations/masks/building_10500500C4DD7000_0_40_59.tif,/tmp/share/data/spacenet8/Germany_Training_Public/annotations/masks/road_10500500C4DD7000_0_40_59.tif,/tmp/share/data/spacenet8/Germany_Training_Public/annotations/masks/roadspeed_10500500C4DD7000_0_40_59.tif
/tmp/share/data/spacenet8/Louisiana-East_Training_Public/PRE-event/105001001A0FFC00_0_21_20.tif,/tmp/share/data/spacenet8/Louisiana-East_Training_Public/POST-event/10300100C46F5900_0_21_20.tif,/tmp/share/data/spacenet8/Louisiana-East_Training_Public/annotations/masks/flood_105001001A0FFC00_0_21_20.tif,/tmp/share/data/spacenet8/Louisiana-East_Training_Public/annotations/masks/building_105001001A0FFC00_0_21_20.tif,/tmp/share/data/spacenet8/Louisiana-East_Training_Public/annotations/masks/road_105001001A0FFC00_0_21_20.tif,/tmp/share/data/spacenet8/Louisiana-East_Training_Public/annotations/masks/roadspeed_105001001A0FFC00_0_21_20.tif
/tmp/share/data/spacenet8/Louisiana-East_Training_Public/PRE-event/10400100684A4B00_1_21_74.tif,/tmp/share/data/spacenet8/Louisiana-East_Training_Public/POST-event/10300100C46F5900_1_21_74.tif,/tmp/share/data/spacenet8/Louisiana-East_Training_Public/annotations/masks/flood_10400100684A4B00_1_21_74.tif,/tmp/share/data/spacenet8/Louisiana-East_Training_Public/annotations/masks/building_10400100684A4B00_1_21_74.tif,/tmp/share/data/spacenet8/Louisiana-East_Training_Public/annotations/masks/road_10400100684A4B00_1_21_74.tif,/tmp/share/data/spacenet8/Louisiana-East_Training_Public/annotations/masks/roadspeed_10400100684A4B00_1_21_74.tif
/tmp/share/data/spacenet8/Louisiana-East_Training_Public/PRE-event/10400100684A4B00_1_21_85.tif,/tmp/share/data/spacenet8/Louisiana-East_Training_Public/POST-event/10300100C46F5900_1_21_85.tif,/tmp/share/data/spacenet8/Louisiana-East_Training_Public/annotations/masks/flood_10400100684A4B00_1_21_85.tif,/tmp/share/data/spacenet8/Louisiana-East_Training_Public/annotations/masks/building_10400100684A4B00_1_21_85.tif,/tmp/share/data/spacenet8/Louisiana-East_Training_Public/annotations/masks/road_10400100684A4B00_1_21_85.tif,/tmp/share/data/spacenet8/Louisiana-East_Training_Public/annotations/masks/roadspeed_10400100684A4B00_1_21_85.tif
/tmp/share/data/spacenet8/Louisiana-East_Training_Public/PRE-event/10400100684A4B00_1_9_81.tif,/tmp/share/data/spacenet8/Louisiana-East_Training_Public/POST-event/10300100C46F5900_1_9_81.tif,/tmp/share/data/spacenet8/Louisiana-East_Training_Public/annotations/masks/flood_10400100684A4B00_1_9_81.tif,/tmp/share/data/spacenet8/Louisiana-East_Training_Public/annotations/masks/building_10400100684A4B00_1_9_81.tif,/tmp/share/data/spacenet8/Louisiana-East_Training_Public/annotations/masks/road_10400100684A4B00_1_9_81.tif,/tmp/share/data/spacenet8/Louisiana-East_Training_Public/annotations/masks/roadspeed_10400100684A4B00_1_9_81.tif
/tmp/share/data/spacenet8/Louisiana-East_Training_Public/PRE-event/10300100AF395C00_2_17_39.tif,/tmp/share/data/spacenet8/Louisiana-East_Training_Public/POST-event/10300100C46F5900_2_17_39.tif,/tmp/share/data/spacenet8/Louisiana-East_Training_Public/annotations/masks/flood_10300100AF395C00_2_17_39.tif,/tmp/share/data/spacenet8/Louisiana-East_Training_Public/annotations/masks/building_10300100AF395C00_2_17_39.tif,/tmp/share/data/spacenet8/Louisiana-East_Training_Public/annotations/masks/road_10300100AF395C00_2_17_39.tif,/tmp/share/data/spacenet8/Louisiana-East_Training_Public/annotations/masks/roadspeed_10300100AF395C00_2_17_39.tif
/tmp/share/data/spacenet8/Germany_Training_Public/PRE-event/10500500C4DD7000_0_28_60.tif,/tmp/share/data/spacenet8/Germany_Training_Public/POST-event/10500500E6DD3C00_0_28_60.tif,/tmp/share/data/spacenet8/Germany_Training_Public/annotations/masks/flood_10500500C4DD7000_0_28_60.tif,/tmp/share/data/spacenet8/Germany_Training_Public/annotations/masks/building_10500500C4DD7000_0_28_60.tif,/tmp/share/data/spacenet8/Germany_Training_Public/annotations/masks/road_10500500C4DD7000_0_28_60.tif,/tmp/share/data/spacenet8/Germany_Training_Public/annotations/masks/roadspeed_10500500C4DD7000_0_28_60.tif
/tmp/share/data/spacenet8/Louisiana-East_Training_Public/PRE-event/10400100684A4B00_1_5_96.tif,/tmp/share/data/spacenet8/Louisiana-East_Training_Public/POST-event/10300100C46F5900_1_5_96.tif,/tmp/share/data/spacenet8/Louisiana-East_Training_Public/annotations/masks/flood_10400100684A4B00_1_5_96.tif,/tmp/share/data/spacenet8/Louisiana-East_Training_Public/annotations/masks/building_10400100684A4B00_1_5_96.tif,/tmp/share/data/spacenet8/Louisiana-East_Training_Public/annotations/masks/road_10400100684A4B00_1_5_96.tif,/tmp/share/data/spacenet8/Louisiana-East_Training_Public/annotations/masks/roadspeed_10400100684A4B00_1_5_96.tif
/tmp/share/data/spacenet8/Germany_Training_Public/PRE-event/10500500C4DD7000_0_21_68.tif,/tmp/share/data/spacenet8/Germany_Training_Public/POST-event/1040050035DC3B00_0_21_68.tif,/tmp/share/data/spacenet8/Germany_Training_Public/annotations/masks/flood_10500500C4DD7000_0_21_68.tif,/tmp/share/data/spacenet8/Germany_Training_Public/annotations/masks/building_10500500C4DD7000_0_21_68.tif,/tmp/share/data/spacenet8/Germany_Training_Public/annotations/masks/road_10500500C4DD7000_0_21_68.tif,/tmp/share/data/spacenet8/Germany_Training_Public/annotations/masks/roadspeed_10500500C4DD7000_0_21_68.tif
/tmp/share/data/spacenet8/Louisiana-East_Training_Public/PRE-event/10300100AF395C00_2_20_57.tif,/tmp/share/data/spacenet8/Louisiana-East_Training_Public/POST-event/10300100C46F5900_2_20_57.tif,/tmp/share/data/spacenet8/Louisiana-East_Training_Public/annotations/masks/flood_10300100AF395C00_2_20_57.tif,/tmp/share/data/spacenet8/Louisiana-East_Training_Public/annotations/masks/building_10300100AF395C00_2_20_57.tif,/tmp/share/data/spacenet8/Louisiana-East_Training_Public/annotations/masks/road_10300100AF395C00_2_20_57.tif,/tmp/share/data/spacenet8/Louisiana-East_Training_Public/annotations/masks/roadspeed_10300100AF395C00_2_20_57.tif
/tmp/share/data/spacenet8/Louisiana-East_Training_Public/PRE-event/10400100684A4B00_1_20_82.tif,/tmp/share/data/spacenet8/Louisiana-East_Training_Public/POST-event/10300100C46F5900_1_20_82.tif,/tmp/share/data/spacenet8/Louisiana-East_Training_Public/annotations/masks/flood_10400100684A4B00_1_20_82.tif,/tmp/share/data/spacenet8/Louisiana-East_Training_Public/annotations/masks/building_10400100684A4B00_1_20_82.tif,/tmp/share/data/spacenet8/Louisiana-East_Training_Public/annotations/masks/road_10400100684A4B00_1_20_82.tif,/tmp/share/data/spacenet8/Louisiana-East_Training_Public/annotations/masks/roadspeed_10400100684A4B00_1_20_82.tif
/tmp/share/data/spacenet8/Louisiana-East_Training_Public/PRE-event/10400100684A4B00_1_16_85.tif,/tmp/share/data/spacenet8/Louisiana-East_Training_Public/POST-event/10300100C46F5900_1_16_85.tif,/tmp/share/data/spacenet8/Louisiana-East_Training_Public/annotations/masks/flood_10400100684A4B00_1_16_85.tif,/tmp/share/data/spacenet8/Louisiana-East_Training_Public/annotations/masks/building_10400100684A4B00_1_16_85.tif,/tmp/share/data/spacenet8/Louisiana-East_Training_Public/annotations/masks/road_10400100684A4B00_1_16_85.tif,/tmp/share/data/spacenet8/Louisiana-East_Training_Public/annotations/masks/roadspeed_10400100684A4B00_1_16_85.tif
/tmp/share/data/spacenet8/Louisiana-East_Training_Public/PRE-event/105001001A0FFC00_0_14_4.tif,/tmp/share/data/spacenet8/Louisiana-East_Training_Public/POST-event/10300100C46F5900_0_14_4.tif,/tmp/share/data/spacenet8/Louisiana-East_Training_Public/annotations/masks/flood_105001001A0FFC00_0_14_4.tif,/tmp/share/data/spacenet8/Louisiana-East_Training_Public/annotations/masks/building_105001001A0FFC00_0_14_4.tif,/tmp/share/data/spacenet8/Louisiana-East_Training_Public/annotations/masks/road_105001001A0FFC00_0_14_4.tif,/tmp/share/data/spacenet8/Louisiana-East_Training_Public/annotations/masks/roadspeed_105001001A0FFC00_0_14_4.tif
/tmp/share/data/spacenet8/Louisiana-East_Training_Public/PRE-event/10400100684A4B00_1_6_86.tif,/tmp/share/data/spacenet8/Louisiana-East_Training_Public/POST-event/10300100C46F5900_1_6_86.tif,/tmp/share/data/spacenet8/Louisiana-East_Training_Public/annotations/masks/flood_10400100684A4B00_1_6_86.tif,/tmp/share/data/spacenet8/Louisiana-East_Training_Public/annotations/masks/building_10400100684A4B00_1_6_86.tif,/tmp/share/data/spacenet8/Louisiana-East_Training_Public/annotations/masks/road_10400100684A4B00_1_6_86.tif,/tmp/share/data/spacenet8/Louisiana-East_Training_Public/annotations/masks/roadspeed_10400100684A4B00_1_6_86.tif
/tmp/share/data/spacenet8/Louisiana-East_Training_Public/PRE-event/105001001A0FFC00_0_17_13.tif,/tmp/share/data/spacenet8/Louisiana-East_Training_Public/POST-event/10300100C46F5900_0_17_13.tif,/tmp/share/data/spacenet8/Louisiana-East_Training_Public/annotations/masks/flood_105001001A0FFC00_0_17_13.tif,/tmp/share/data/spacenet8/Louisiana-East_Training_Public/annotations/masks/building_105001001A0FFC00_0_17_13.tif,/tmp/share/data/spacenet8/Louisiana-East_Training_Public/annotations/masks/road_105001001A0FFC00_0_17_13.tif,/tmp/share/data/spacenet8/Louisiana-East_Training_Public/annotations/masks/roadspeed_105001001A0FFC00_0_17_13.tif
/tmp/share/data/spacenet8/Louisiana-East_Training_Public/PRE-event/10300100AF395C00_2_14_45.tif,/tmp/share/data/spacenet8/Louisiana-East_Training_Public/POST-event/10300100C46F5900_2_14_45.tif,/tmp/share/data/spacenet8/Louisiana-East_Training_Public/annotations/masks/flood_10300100AF395C00_2_14_45.tif,/tmp/share/data/spacenet8/Louisiana-East_Training_Public/annotations/masks/building_10300100AF395C00_2_14_45.tif,/tmp/share/data/spacenet8/Louisiana-East_Training_Public/annotations/masks/road_10300100AF395C00_2_14_45.tif,/tmp/share/data/spacenet8/Louisiana-East_Training_Public/annotations/masks/roadspeed_10300100AF395C00_2_14_45.tif
/tmp/share/data/spacenet8/Louisiana-East_Training_Public/PRE-event/10400100684A4B00_1_18_82.tif,/tmp/share/data/spacenet8/Louisiana-East_Training_Public/POST-event/10300100C46F5900_1_18_82.tif,/tmp/share/data/spacenet8/Louisiana-East_Training_Public/annotations/masks/flood_10400100684A4B00_1_18_82.tif,/tmp/share/data/spacenet8/Louisiana-East_Training_Public/annotations/masks/building_10400100684A4B00_1_18_82.tif,/tmp/share/data/spacenet8/Louisiana-East_Training_Public/annotations/masks/road_10400100684A4B00_1_18_82.tif,/tmp/share/data/spacenet8/Louisiana-East_Training_Public/annotations/masks/roadspeed_10400100684A4B00_1_18_82.tif
/tmp/share/data/spacenet8/Louisiana-East_Training_Public/PRE-event/10400100684A4B00_1_13_81.tif,/tmp/share/data/spacenet8/Louisiana-East_Training_Public/POST-event/10300100C46F5900_1_13_81.tif,/tmp/share/data/spacenet8/Louisiana-East_Training_Public/annotations/masks/flood_10400100684A4B00_1_13_81.tif,/tmp/share/data/spacenet8/Louisiana-East_Training_Public/annotations/masks/building_10400100684A4B00_1_13_81.tif,/tmp/share/data/spacenet8/Louisiana-East_Training_Public/annotations/masks/road_10400100684A4B00_1_13_81.tif,/tmp/share/data/spacenet8/Louisiana-East_Training_Public/annotations/masks/roadspeed_10400100684A4B00_1_13_81.tif
/tmp/share/data/spacenet8/Louisiana-East_Training_Public/PRE-event/10400100684A4B00_1_24_73.tif,/tmp/share/data/spacenet8/Louisiana-East_Training_Public/POST-event/10300100C46F5900_1_24_73.tif,/tmp/share/data/spacenet8/Louisiana-East_Training_Public/annotations/masks/flood_10400100684A4B00_1_24_73.tif,/tmp/share/data/spacenet8/Louisiana-East_Training_Public/annotations/masks/building_10400100684A4B00_1_24_73.tif,/tmp/share/data/spacenet8/Louisiana-East_Training_Public/annotations/masks/road_10400100684A4B00_1_24_73.tif,/tmp/share/data/spacenet8/Louisiana-East_Training_Public/annotations/masks/roadspeed_10400100684A4B00_1_24_73.tif
/tmp/share/data/spacenet8/Louisiana-East_Training_Public/PRE-event/10400100684A4B00_1_10_96.tif,/tmp/share/data/spacenet8/Louisiana-East_Training_Public/POST-event/10300100C46F5900_1_10_96.tif,/tmp/share/data/spacenet8/Louisiana-East_Training_Public/annotations/masks/flood_10400100684A4B00_1_10_96.tif,/tmp/share/data/spacenet8/Louisiana-East_Training_Public/annotations/masks/building_10400100684A4B00_1_10_96.tif,/tmp/share/data/spacenet8/Louisiana-East_Training_Public/annotations/masks/road_10400100684A4B00_1_10_96.tif,/tmp/share/data/spacenet8/Louisiana-East_Training_Public/annotations/masks/roadspeed_10400100684A4B00_1_10_96.tif
/tmp/share/data/spacenet8/Louisiana-East_Training_Public/PRE-event/10400100684A4B00_1_19_83.tif,/tmp/share/data/spacenet8/Louisiana-East_Training_Public/POST-event/10300100C46F5900_1_19_83.tif,/tmp/share/data/spacenet8/Louisiana-East_Training_Public/annotations/masks/flood_10400100684A4B00_1_19_83.tif,/tmp/share/data/spacenet8/Louisiana-East_Training_Public/annotations/masks/building_10400100684A4B00_1_19_83.tif,/tmp/share/data/spacenet8/Louisiana-East_Training_Public/annotations/masks/road_10400100684A4B00_1_19_83.tif,/tmp/share/data/spacenet8/Louisiana-East_Training_Public/annotations/masks/roadspeed_10400100684A4B00_1_19_83.tif
/tmp/share/data/spacenet8/Louisiana-East_Training_Public/PRE-event/10400100684A4B00_1_13_92.tif,/tmp/share/data/spacenet8/Louisiana-East_Training_Public/POST-event/10300100C46F5900_1_13_92.tif,/tmp/share/data/spacenet8/Louisiana-East_Training_Public/annotations/masks/flood_10400100684A4B00_1_13_92.tif,/tmp/share/data/spacenet8/Louisiana-East_Training_Public/annotations/masks/building_10400100684A4B00_1_13_92.tif,/tmp/share/data/spacenet8/Louisiana-East_Training_Public/annotations/masks/road_10400100684A4B00_1_13_92.tif,/tmp/share/data/spacenet8/Louisiana-East_Training_Public/annotations/masks/roadspeed_10400100684A4B00_1_13_92.tif
/tmp/share/data/spacenet8/Louisiana-East_Training_Public/PRE-event/10300100AF395C00_2_15_50.tif,/tmp/share/data/spacenet8/Louisiana-East_Training_Public/POST-event/10300100C46F5900_2_15_50.tif,/tmp/share/data/spacenet8/Louisiana-East_Training_Public/annotations/masks/flood_10300100AF395C00_2_15_50.tif,/tmp/share/data/spacenet8/Louisiana-East_Training_Public/annotations/masks/building_10300100AF395C00_2_15_50.tif,/tmp/share/data/spacenet8/Louisiana-East_Training_Public/annotations/masks/road_10300100AF395C00_2_15_50.tif,/tmp/share/data/spacenet8/Louisiana-East_Training_Public/annotations/masks/roadspeed_10300100AF395C00_2_15_50.tif
/tmp/share/data/spacenet8/Germany_Training_Public/PRE-event/10500500C4DD7000_0_20_67.tif,/tmp/share/data/spacenet8/Germany_Training_Public/POST-event/1040050035DC3B00_0_20_67.tif,/tmp/share/data/spacenet8/Germany_Training_Public/annotations/masks/flood_10500500C4DD7000_0_20_67.tif,/tmp/share/data/spacenet8/Germany_Training_Public/annotations/masks/building_10500500C4DD7000_0_20_67.tif,/tmp/share/data/spacenet8/Germany_Training_Public/annotations/masks/road_10500500C4DD7000_0_20_67.tif,/tmp/share/data/spacenet8/Germany_Training_Public/annotations/masks/roadspeed_10500500C4DD7000_0_20_67.tif
/tmp/share/data/spacenet8/Louisiana-East_Training_Public/PRE-event/10400100684A4B00_1_13_75.tif,/tmp/share/data/spacenet8/Louisiana-East_Training_Public/POST-event/10300100C46F5900_1_13_75.tif,/tmp/share/data/spacenet8/Louisiana-East_Training_Public/annotations/masks/flood_10400100684A4B00_1_13_75.tif,/tmp/share/data/spacenet8/Louisiana-East_Training_Public/annotations/masks/building_10400100684A4B00_1_13_75.tif,/tmp/share/data/spacenet8/Louisiana-East_Training_Public/annotations/masks/road_10400100684A4B00_1_13_75.tif,/tmp/share/data/spacenet8/Louisiana-East_Training_Public/annotations/masks/roadspeed_10400100684A4B00_1_13_75.tif
/tmp/share/data/spacenet8/Louisiana-East_Training_Public/PRE-event/105001001A0FFC00_0_19_14.tif,/tmp/share/data/spacenet8/Louisiana-East_Training_Public/POST-event/10300100C46F5900_0_19_14.tif,/tmp/share/data/spacenet8/Louisiana-East_Training_Public/annotations/masks/flood_105001001A0FFC00_0_19_14.tif,/tmp/share/data/spacenet8/Louisiana-East_Training_Public/annotations/masks/building_105001001A0FFC00_0_19_14.tif,/tmp/share/data/spacenet8/Louisiana-East_Training_Public/annotations/masks/road_105001001A0FFC00_0_19_14.tif,/tmp/share/data/spacenet8/Louisiana-East_Training_Public/annotations/masks/roadspeed_105001001A0FFC00_0_19_14.tif
/tmp/share/data/spacenet8/Germany_Training_Public/PRE-event/10500500C4DD7000_0_38_69.tif,/tmp/share/data/spacenet8/Germany_Training_Public/POST-event/10500500E6DD3C00_0_38_69.tif,/tmp/share/data/spacenet8/Germany_Training_Public/annotations/masks/flood_10500500C4DD7000_0_38_69.tif,/tmp/share/data/spacenet8/Germany_Training_Public/annotations/masks/building_10500500C4DD7000_0_38_69.tif,/tmp/share/data/spacenet8/Germany_Training_Public/annotations/masks/road_10500500C4DD7000_0_38_69.tif,/tmp/share/data/spacenet8/Germany_Training_Public/annotations/masks/roadspeed_10500500C4DD7000_0_38_69.tif
/tmp/share/data/spacenet8/Germany_Training_Public/PRE-event/10500500C4DD7000_0_15_67.tif,/tmp/share/data/spacenet8/Germany_Training_Public/POST-event/1040050035DC3B00_0_15_67.tif,/tmp/share/data/spacenet8/Germany_Training_Public/annotations/masks/flood_10500500C4DD7000_0_15_67.tif,/tmp/share/data/spacenet8/Germany_Training_Public/annotations/masks/building_10500500C4DD7000_0_15_67.tif,/tmp/share/data/spacenet8/Germany_Training_Public/annotations/masks/road_10500500C4DD7000_0_15_67.tif,/tmp/share/data/spacenet8/Germany_Training_Public/annotations/masks/roadspeed_10500500C4DD7000_0_15_67.tif
/tmp/share/data/spacenet8/Louisiana-East_Training_Public/PRE-event/10400100684A4B00_1_8_92.tif,/tmp/share/data/spacenet8/Louisiana-East_Training_Public/POST-event/10300100C46F5900_1_8_92.tif,/tmp/share/data/spacenet8/Louisiana-East_Training_Public/annotations/masks/flood_10400100684A4B00_1_8_92.tif,/tmp/share/data/spacenet8/Louisiana-East_Training_Public/annotations/masks/building_10400100684A4B00_1_8_92.tif,/tmp/share/data/spacenet8/Louisiana-East_Training_Public/annotations/masks/road_10400100684A4B00_1_8_92.tif,/tmp/share/data/spacenet8/Louisiana-East_Training_Public/annotations/masks/roadspeed_10400100684A4B00_1_8_92.tif
/tmp/share/data/spacenet8/Louisiana-East_Training_Public/PRE-event/10400100684A4B00_1_12_84.tif,/tmp/share/data/spacenet8/Louisiana-East_Training_Public/POST-event/10300100C46F5900_1_12_84.tif,/tmp/share/data/spacenet8/Louisiana-East_Training_Public/annotations/masks/flood_10400100684A4B00_1_12_84.tif,/tmp/share/data/spacenet8/Louisiana-East_Training_Public/annotations/masks/building_10400100684A4B00_1_12_84.tif,/tmp/share/data/spacenet8/Louisiana-East_Training_Public/annotations/masks/road_10400100684A4B00_1_12_84.tif,/tmp/share/data/spacenet8/Louisiana-East_Training_Public/annotations/masks/roadspeed_10400100684A4B00_1_12_84.tif
/tmp/share/data/spacenet8/Louisiana-East_Training_Public/PRE-event/10400100684A4B00_1_24_71.tif,/tmp/share/data/spacenet8/Louisiana-East_Training_Public/POST-event/10300100C46F5900_1_24_71.tif,/tmp/share/data/spacenet8/Louisiana-East_Training_Public/annotations/masks/flood_10400100684A4B00_1_24_71.tif,/tmp/share/data/spacenet8/Louisiana-East_Training_Public/annotations/masks/building_10400100684A4B00_1_24_71.tif,/tmp/share/data/spacenet8/Louisiana-East_Training_Public/annotations/masks/road_10400100684A4B00_1_24_71.tif,/tmp/share/data/spacenet8/Louisiana-East_Training_Public/annotations/masks/roadspeed_10400100684A4B00_1_24_71.tif
/tmp/share/data/spacenet8/Louisiana-East_Training_Public/PRE-event/10300100AF395C00_2_23_43.tif,/tmp/share/data/spacenet8/Louisiana-East_Training_Public/POST-event/10300100C46F5900_2_23_43.tif,/tmp/share/data/spacenet8/Louisiana-East_Training_Public/annotations/masks/flood_10300100AF395C00_2_23_43.tif,/tmp/share/data/spacenet8/Louisiana-East_Training_Public/annotations/masks/building_10300100AF395C00_2_23_43.tif,/tmp/share/data/spacenet8/Louisiana-East_Training_Public/annotations/masks/road_10300100AF395C00_2_23_43.tif,/tmp/share/data/spacenet8/Louisiana-East_Training_Public/annotations/masks/roadspeed_10300100AF395C00_2_23_43.tif
/tmp/share/data/spacenet8/Louisiana-East_Training_Public/PRE-event/10400100684A4B00_1_16_79.tif,/tmp/share/data/spacenet8/Louisiana-East_Training_Public/POST-event/10300100C46F5900_1_16_79.tif,/tmp/share/data/spacenet8/Louisiana-East_Training_Public/annotations/masks/flood_10400100684A4B00_1_16_79.tif,/tmp/share/data/spacenet8/Louisiana-East_Training_Public/annotations/masks/building_10400100684A4B00_1_16_79.tif,/tmp/share/data/spacenet8/Louisiana-East_Training_Public/annotations/masks/road_10400100684A4B00_1_16_79.tif,/tmp/share/data/spacenet8/Louisiana-East_Training_Public/annotations/masks/roadspeed_10400100684A4B00_1_16_79.tif
/tmp/share/data/spacenet8/Germany_Training_Public/PRE-event/10500500C4DD7000_0_28_66.tif,/tmp/share/data/spacenet8/Germany_Training_Public/POST-event/1040050035DC3B00_0_28_66.tif,/tmp/share/data/spacenet8/Germany_Training_Public/annotations/masks/flood_10500500C4DD7000_0_28_66.tif,/tmp/share/data/spacenet8/Germany_Training_Public/annotations/masks/building_10500500C4DD7000_0_28_66.tif,/tmp/share/data/spacenet8/Germany_Training_Public/annotations/masks/road_10500500C4DD7000_0_28_66.tif,/tmp/share/data/spacenet8/Germany_Training_Public/annotations/masks/roadspeed_10500500C4DD7000_0_28_66.tif
/tmp/share/data/spacenet8/Louisiana-East_Training_Public/PRE-event/10300100AF395C00_2_30_35.tif,/tmp/share/data/spacenet8/Louisiana-East_Training_Public/POST-event/10300100C46F5900_2_30_35.tif,/tmp/share/data/spacenet8/Louisiana-East_Training_Public/annotations/masks/flood_10300100AF395C00_2_30_35.tif,/tmp/share/data/spacenet8/Louisiana-East_Training_Public/annotations/masks/building_10300100AF395C00_2_30_35.tif,/tmp/share/data/spacenet8/Louisiana-East_Training_Public/annotations/masks/road_10300100AF395C00_2_30_35.tif,/tmp/share/data/spacenet8/Louisiana-East_Training_Public/annotations/masks/roadspeed_10300100AF395C00_2_30_35.tif
/tmp/share/data/spacenet8/Louisiana-East_Training_Public/PRE-event/10400100684A4B00_1_18_72.tif,/tmp/share/data/spacenet8/Louisiana-East_Training_Public/POST-event/10300100C46F5900_1_18_72.tif,/tmp/share/data/spacenet8/Louisiana-East_Training_Public/annotations/masks/flood_10400100684A4B00_1_18_72.tif,/tmp/share/data/spacenet8/Louisiana-East_Training_Public/annotations/masks/building_10400100684A4B00_1_18_72.tif,/tmp/share/data/spacenet8/Louisiana-East_Training_Public/annotations/masks/road_10400100684A4B00_1_18_72.tif,/tmp/share/data/spacenet8/Louisiana-East_Training_Public/annotations/masks/roadspeed_10400100684A4B00_1_18_72.tif
/tmp/share/data/spacenet8/Louisiana-East_Training_Public/PRE-event/10400100684A4B00_1_15_83.tif,/tmp/share/data/spacenet8/Louisiana-East_Training_Public/POST-event/10300100C46F5900_1_15_83.tif,/tmp/share/data/spacenet8/Louisiana-East_Training_Public/annotations/masks/flood_10400100684A4B00_1_15_83.tif,/tmp/share/data/spacenet8/Louisiana-East_Training_Public/annotations/masks/building_10400100684A4B00_1_15_83.tif,/tmp/share/data/spacenet8/Louisiana-East_Training_Public/annotations/masks/road_10400100684A4B00_1_15_83.tif,/tmp/share/data/spacenet8/Louisiana-East_Training_Public/annotations/masks/roadspeed_10400100684A4B00_1_15_83.tif
/tmp/share/data/spacenet8/Germany_Training_Public/PRE-event/10500500C4DD7000_0_23_66.tif,/tmp/share/data/spacenet8/Germany_Training_Public/POST-event/1040050035DC3B00_0_23_66.tif,/tmp/share/data/spacenet8/Germany_Training_Public/annotations/masks/flood_10500500C4DD7000_0_23_66.tif,/tmp/share/data/spacenet8/Germany_Training_Public/annotations/masks/building_10500500C4DD7000_0_23_66.tif,/tmp/share/data/spacenet8/Germany_Training_Public/annotations/masks/road_10500500C4DD7000_0_23_66.tif,/tmp/share/data/spacenet8/Germany_Training_Public/annotations/masks/roadspeed_10500500C4DD7000_0_23_66.tif
/tmp/share/data/spacenet8/Louisiana-East_Training_Public/PRE-event/10400100684A4B00_1_17_72.tif,/tmp/share/data/spacenet8/Louisiana-East_Training_Public/POST-event/10300100C46F5900_1_17_72.tif,/tmp/share/data/spacenet8/Louisiana-East_Training_Public/annotations/masks/flood_10400100684A4B00_1_17_72.tif,/tmp/share/data/spacenet8/Louisiana-East_Training_Public/annotations/masks/building_10400100684A4B00_1_17_72.tif,/tmp/share/data/spacenet8/Louisiana-East_Training_Public/annotations/masks/road_10400100684A4B00_1_17_72.tif,/tmp/share/data/spacenet8/Louisiana-East_Training_Public/annotations/masks/roadspeed_10400100684A4B00_1_17_72.tif
/tmp/share/data/spacenet8/Louisiana-East_Training_Public/PRE-event/10400100684A4B00_1_3_94.tif,/tmp/share/data/spacenet8/Louisiana-East_Training_Public/POST-event/10300100C46F5900_1_3_94.tif,/tmp/share/data/spacenet8/Louisiana-East_Training_Public/annotations/masks/flood_10400100684A4B00_1_3_94.tif,/tmp/share/data/spacenet8/Louisiana-East_Training_Public/annotations/masks/building_10400100684A4B00_1_3_94.tif,/tmp/share/data/spacenet8/Louisiana-East_Training_Public/annotations/masks/road_10400100684A4B00_1_3_94.tif,/tmp/share/data/spacenet8/Louisiana-East_Training_Public/annotations/masks/roadspeed_10400100684A4B00_1_3_94.tif
/tmp/share/data/spacenet8/Germany_Training_Public/PRE-event/10500500C4DD7000_0_26_67.tif,/tmp/share/data/spacenet8/Germany_Training_Public/POST-event/1040050035DC3B00_0_26_67.tif,/tmp/share/data/spacenet8/Germany_Training_Public/annotations/masks/flood_10500500C4DD7000_0_26_67.tif,/tmp/share/data/spacenet8/Germany_Training_Public/annotations/masks/building_10500500C4DD7000_0_26_67.tif,/tmp/share/data/spacenet8/Germany_Training_Public/annotations/masks/road_10500500C4DD7000_0_26_67.tif,/tmp/share/data/spacenet8/Germany_Training_Public/annotations/masks/roadspeed_10500500C4DD7000_0_26_67.tif
/tmp/share/data/spacenet8/Louisiana-East_Training_Public/PRE-event/10400100684A4B00_1_12_86.tif,/tmp/share/data/spacenet8/Louisiana-East_Training_Public/POST-event/10300100C46F5900_1_12_86.tif,/tmp/share/data/spacenet8/Louisiana-East_Training_Public/annotations/masks/flood_10400100684A4B00_1_12_86.tif,/tmp/share/data/spacenet8/Louisiana-East_Training_Public/annotations/masks/building_10400100684A4B00_1_12_86.tif,/tmp/share/data/spacenet8/Louisiana-East_Training_Public/annotations/masks/road_10400100684A4B00_1_12_86.tif,/tmp/share/data/spacenet8/Louisiana-East_Training_Public/annotations/masks/roadspeed_10400100684A4B00_1_12_86.tif
/tmp/share/data/spacenet8/Germany_Training_Public/PRE-event/10500500C4DD7000_0_29_68.tif,/tmp/share/data/spacenet8/Germany_Training_Public/POST-event/10500500E6DD3C00_0_29_68.tif,/tmp/share/data/spacenet8/Germany_Training_Public/annotations/masks/flood_10500500C4DD7000_0_29_68.tif,/tmp/share/data/spacenet8/Germany_Training_Public/annotations/masks/building_10500500C4DD7000_0_29_68.tif,/tmp/share/data/spacenet8/Germany_Training_Public/annotations/masks/road_10500500C4DD7000_0_29_68.tif,/tmp/share/data/spacenet8/Germany_Training_Public/annotations/masks/roadspeed_10500500C4DD7000_0_29_68.tif
/tmp/share/data/spacenet8/Louisiana-East_Training_Public/PRE-event/10400100684A4B00_1_12_82.tif,/tmp/share/data/spacenet8/Louisiana-East_Training_Public/POST-event/10300100C46F5900_1_12_82.tif,/tmp/share/data/spacenet8/Louisiana-East_Training_Public/annotations/masks/flood_10400100684A4B00_1_12_82.tif,/tmp/share/data/spacenet8/Louisiana-East_Training_Public/annotations/masks/building_10400100684A4B00_1_12_82.tif,/tmp/share/data/spacenet8/Louisiana-East_Training_Public/annotations/masks/road_10400100684A4B00_1_12_82.tif,/tmp/share/data/spacenet8/Louisiana-East_Training_Public/annotations/masks/roadspeed_10400100684A4B00_1_12_82.tif
